time,temp *C,humidity %
0.06,23.75,42.62
1.10,23.75,42.64
2.14,23.75,42.58
3.19,23.72,42.63
4.23,23.75,42.61
5.27,23.72,42.62
6.32,23.73,42.64
7.36,23.72,42.64
8.40,23.72,42.62
9.45,23.72,42.63
10.49,23.72,42.63
11.53,23.72,42.63
12.58,23.73,42.72
13.62,23.70,42.64
14.66,23.73,42.67
15.71,23.70,42.67
16.75,23.72,42.63
17.79,23.73,42.66
18.84,23.73,42.66
19.88,23.72,42.69
20.93,23.70,42.69
21.97,23.72,42.65
23.01,23.72,42.69
24.06,23.70,42.68
25.10,23.72,42.65
26.14,23.70,42.70
27.19,23.70,42.70
28.23,23.70,42.72
29.28,23.69,42.73
30.32,23.72,42.72
31.36,23.70,42.72
32.41,23.69,42.71
33.45,23.69,42.71
34.49,23.70,42.72
35.54,23.70,42.77
36.58,23.68,42.71
37.62,23.68,42.72
38.67,23.70,42.73
39.71,23.69,42.71
40.75,23.66,42.76
41.80,23.70,42.72
42.84,23.72,42.73
43.88,23.70,42.74
44.93,23.69,42.77
45.97,23.66,42.77
47.02,23.66,42.77
48.06,23.66,42.77
49.10,23.68,42.80
50.15,23.68,42.82
51.19,23.68,42.79
52.23,23.66,42.79
53.28,23.68,42.78
54.32,23.66,42.79
55.36,23.66,42.78
56.41,23.66,42.83
57.45,23.66,42.81
58.49,23.68,42.83
59.54,23.68,42.82
60.58,23.68,42.83
61.63,23.68,42.85
62.67,23.65,42.85
63.71,23.68,42.86
64.76,23.65,42.81
65.80,23.65,42.88
66.84,23.66,42.84
67.89,23.66,42.86
68.93,23.66,42.89
69.97,23.63,42.85
71.02,23.66,42.88
72.06,23.66,42.84
73.10,23.63,42.89
74.15,23.68,42.91
75.19,23.65,42.88
76.23,23.65,42.89
77.28,23.63,42.86
78.32,23.65,42.91
79.37,23.63,42.93
80.41,23.65,42.87
81.45,23.62,42.91
82.50,23.63,42.89
83.54,23.66,42.94
84.58,23.65,42.91
85.63,23.63,42.93
86.67,23.63,42.94
87.71,23.63,42.95
88.76,23.63,42.96
89.80,23.63,42.93
90.84,23.62,42.94
91.89,23.63,42.96
92.93,23.65,42.93
93.98,23.65,42.95
95.02,23.65,43.00
96.06,23.62,42.98
97.11,23.63,43.00
98.15,23.62,42.98
99.19,23.65,43.00
100.24,23.61,43.00
101.28,23.63,43.01
102.33,23.62,42.99
103.37,23.63,43.00
104.41,23.62,43.00
105.45,23.63,42.99
106.50,23.62,42.99
107.54,23.61,43.02
108.59,23.59,43.02
109.63,23.61,42.99
110.67,23.61,43.02
111.72,23.61,43.03
112.76,23.62,43.03
113.80,23.59,43.05
114.85,23.62,43.06
115.89,23.59,43.07
116.94,23.62,43.06
117.98,23.59,43.06
119.02,23.62,43.05
120.07,23.61,43.07
121.11,23.61,43.08
122.15,23.62,43.07
123.20,23.62,43.07
124.24,23.61,43.07
125.28,23.61,43.07
126.33,23.61,43.08
127.37,23.62,43.06
128.41,23.62,43.10
129.46,23.62,43.10
130.50,23.61,43.11
131.55,23.59,43.10
132.59,23.61,43.11
133.63,23.62,43.16
134.68,23.61,43.12
135.72,23.61,43.12
136.76,23.59,43.13
137.81,23.59,43.12
138.85,23.59,43.18
139.89,23.59,43.14
140.94,23.58,43.16
141.98,23.61,43.15
143.03,23.61,43.12
144.07,23.61,43.15
145.11,23.62,43.15
146.16,23.59,43.18
147.20,23.58,43.17
148.24,23.58,43.22
149.29,23.58,43.19
150.33,23.59,43.19
151.37,23.61,43.22
152.42,23.59,43.18
153.46,23.61,43.22
154.51,23.61,43.22
155.55,23.59,43.20
156.59,23.61,43.22
157.64,23.59,43.18
158.68,23.59,43.21
159.72,23.57,43.20
160.77,23.59,43.21
161.81,23.58,43.21
162.85,23.59,43.22
163.90,23.61,43.26
164.94,23.58,43.23
165.99,23.62,43.27
167.03,23.61,43.24
168.07,23.59,43.28
169.12,23.61,43.23
170.16,23.61,43.26
171.20,23.61,43.23
172.25,23.58,43.25
173.29,23.59,43.25
174.33,23.59,43.26
175.38,23.58,43.26
176.42,23.58,43.26
177.47,23.58,43.30
178.51,23.61,43.28
179.55,23.58,43.26
180.60,23.57,43.29
181.64,23.61,43.32
182.68,23.59,43.29
183.73,23.57,43.32
184.77,23.59,43.31
185.81,23.59,43.30
186.86,23.59,43.31
187.90,23.59,43.33
188.95,23.59,43.32
189.99,23.59,43.35
191.03,23.59,43.34
192.08,23.58,43.33
193.12,23.57,43.33
194.16,23.57,43.34
195.21,23.58,43.33
196.25,23.61,43.37
197.29,23.57,43.35
198.34,23.59,43.35
199.38,23.58,43.34
200.42,23.57,43.35
201.47,23.57,43.33
202.51,23.58,43.37
203.56,23.58,43.34
204.60,23.57,43.42
205.64,23.57,43.36
206.69,23.57,43.36
207.73,23.58,43.39
208.77,23.58,43.37
209.82,23.57,43.44
210.86,23.58,43.43
211.90,23.58,43.38
212.95,23.58,43.41
213.99,23.58,43.38
215.04,23.57,43.42
216.08,23.58,43.45
217.12,23.58,43.47
218.17,23.57,43.43
219.21,23.58,43.45
220.25,23.58,43.43
221.30,23.57,43.45
222.34,23.57,43.43
223.38,23.57,43.45
224.43,23.55,43.42
225.47,23.58,43.47
226.51,23.55,43.46
227.56,23.57,43.47
228.60,23.57,43.45
229.65,23.57,43.49
230.69,23.58,43.43
231.73,23.58,43.46
232.78,23.54,43.46
233.82,23.57,43.51
234.86,23.57,43.50
235.91,23.57,43.49
236.95,23.58,43.51
238.00,23.57,43.46
239.04,23.57,43.49
240.08,23.57,43.53
241.13,23.57,43.48
242.17,23.57,43.52
243.21,23.57,43.51
244.26,23.57,43.51
245.30,23.57,43.47
246.34,23.57,43.54
247.39,23.57,43.53
248.43,23.57,43.53
249.48,23.57,43.52
250.52,23.58,43.50
251.56,23.58,43.56
252.61,23.57,43.55
253.65,23.57,43.58
254.69,23.57,43.54
255.74,23.58,43.55
256.78,23.55,43.54
257.82,23.55,43.54
258.87,23.54,43.56
259.91,23.57,43.58
260.96,23.57,43.56
262.00,23.55,43.55
263.04,23.59,43.58
264.09,23.58,43.56
265.13,23.57,43.58
266.17,23.58,43.58
267.22,23.57,43.60
268.26,23.58,43.61
269.30,23.57,43.59
270.35,23.54,43.56
271.39,23.55,43.56
272.43,23.57,43.60
273.48,23.57,43.59
274.52,23.58,43.64
275.57,23.57,43.63
276.61,23.57,43.61
277.65,23.54,43.64
278.70,23.57,43.65
279.74,23.52,43.64
280.78,23.59,43.64
281.83,23.54,43.64
282.87,23.57,43.67
283.91,23.55,43.66
284.96,23.57,43.62
286.00,23.57,43.65
287.05,23.55,43.66
288.09,23.58,43.66
289.13,23.57,43.68
290.18,23.59,43.66
291.22,23.57,43.70
292.26,23.58,43.70
293.31,23.55,43.66
294.35,23.58,43.67
295.39,23.58,43.67
296.44,23.58,43.68
297.48,23.58,43.69
298.52,23.57,43.68
299.57,23.58,43.69
300.61,23.57,43.68
301.66,23.55,43.68
302.70,23.55,43.72
303.74,23.57,43.75
304.79,23.59,43.70
305.83,23.58,43.71
306.87,23.59,43.72
307.92,23.59,43.69
308.96,23.61,43.75
310.00,23.61,43.73
311.05,23.59,43.72
312.09,23.59,43.72
313.14,23.61,43.77
314.18,23.61,43.74
315.22,23.61,43.76
316.27,23.62,43.73
317.31,23.59,43.77
318.35,23.62,43.75
319.40,23.61,43.76
320.44,23.61,43.75
321.48,23.62,43.78
322.53,23.63,43.76
323.57,23.62,43.77
324.62,23.61,43.80
325.66,23.62,43.76
326.70,23.62,43.76
327.75,23.61,43.79
328.79,23.63,43.81
329.83,23.62,43.79
330.88,23.62,43.80
331.92,23.63,43.81
332.96,23.65,43.79
334.01,23.65,43.79
335.05,23.65,43.81
336.10,23.66,43.83
337.14,23.65,43.81
338.18,23.68,43.82
339.23,23.66,43.80
340.27,23.66,43.81
341.31,23.66,43.82
342.36,23.66,43.86
343.40,23.69,43.82
344.44,23.68,43.86
345.49,23.70,43.84
346.53,23.69,43.85
347.58,23.68,43.83
348.62,23.69,43.86
349.66,23.68,43.84
350.71,23.69,43.90
351.75,23.72,43.87
352.79,23.69,43.84
353.84,23.72,43.89
354.88,23.72,43.85
355.92,23.72,43.85
356.97,23.73,43.88
358.01,23.73,43.87
359.06,23.73,43.87
360.10,23.73,43.90
361.14,23.75,43.90
362.19,23.75,43.92
363.23,23.76,43.90
364.27,23.75,43.89
365.32,23.73,43.93
366.36,23.75,43.91
367.40,23.75,43.96
368.45,23.75,43.93
369.49,23.78,43.93
370.53,23.78,43.92
371.58,23.79,43.95
372.62,23.80,43.92
373.67,23.78,43.94
374.71,23.79,43.96
375.75,23.80,43.93
376.80,23.80,43.92
377.84,23.82,43.96
378.88,23.83,43.94
379.93,23.83,43.97
380.97,23.82,43.97
382.01,23.85,43.98
383.06,23.85,43.98
384.10,23.86,43.99
385.15,23.85,43.96
386.19,23.85,43.98
387.23,23.88,44.00
388.28,23.85,44.02
389.32,23.86,43.98
390.36,23.86,44.02
391.41,23.88,44.03
392.45,23.88,44.02
393.49,23.86,44.04
394.54,23.86,44.01
395.58,23.86,44.06
396.62,23.88,44.02
397.67,23.88,44.02
398.71,23.89,44.06
399.76,23.89,44.03
400.80,23.89,44.07
401.84,23.90,44.04
402.89,23.89,44.07
403.93,23.89,44.06
404.97,23.89,44.05
406.02,23.92,44.07
407.06,23.90,44.04
408.10,23.89,44.11
409.15,23.90,44.09
410.19,23.88,44.07
411.24,23.90,44.09
412.28,23.90,44.13
413.32,23.90,44.09
414.37,23.93,44.05
415.41,23.93,44.12
416.45,23.92,44.09
417.50,23.92,44.13
418.54,23.93,44.14
419.59,23.90,44.14
420.63,23.95,44.16
421.67,23.93,44.14
422.72,23.93,44.16
423.76,23.96,44.15
424.80,23.93,44.18
425.85,23.95,44.21
426.89,23.93,44.18
427.93,23.95,44.19
428.98,23.93,44.20
430.02,23.96,44.22
431.07,23.93,44.20
432.11,23.97,44.27
433.15,23.97,44.22
434.20,23.95,44.20
435.24,23.97,44.23
436.28,23.96,44.24
437.33,23.97,44.24
438.37,23.99,44.28
439.41,23.97,44.24
440.46,23.99,44.27
441.50,23.96,44.26
442.54,23.99,44.30
443.59,23.99,44.30
444.63,23.97,44.34
445.68,23.97,44.30
446.72,23.97,44.32
447.76,24.00,44.34
448.81,24.00,44.34
449.85,23.97,44.33
450.89,24.00,44.33
451.94,23.99,44.36
452.98,23.99,44.30
454.02,24.02,44.35
455.07,24.02,44.36
456.11,24.03,44.40
457.16,24.00,44.40
458.20,23.99,44.39
459.24,24.00,44.40
460.29,24.02,44.41
461.33,24.00,44.39
462.37,24.02,44.42
463.42,24.00,44.41
464.46,24.00,44.41
465.50,24.03,44.41
466.55,24.00,44.47
467.59,24.02,44.47
468.63,24.02,44.48
469.68,24.03,44.46
470.72,24.03,44.48
471.77,24.00,44.50
472.81,24.03,44.50
473.85,24.02,44.51
474.90,24.05,44.53
475.94,24.05,44.54
476.98,24.03,44.54
478.03,24.03,44.54
479.07,24.03,44.56
480.11,24.05,44.57
481.16,24.03,44.57
482.20,24.03,44.57
483.25,24.03,44.56
484.29,24.05,44.58
485.33,24.05,44.55
486.38,24.05,44.57
487.42,24.05,44.62
488.46,24.05,44.61
489.51,24.05,44.63
490.55,24.05,44.62
491.59,24.05,44.67
492.64,24.03,44.64
493.68,24.06,44.66
494.73,24.03,44.68
495.77,24.06,44.67
496.81,24.03,44.70
497.86,24.05,44.66
498.90,24.06,44.67
499.94,24.06,44.72
500.99,24.07,44.69
502.03,24.07,44.75
503.07,24.05,44.73
504.12,24.07,44.73
505.16,24.05,44.74
506.21,24.06,44.75
507.25,24.07,44.77
508.29,24.07,44.78
509.34,24.07,44.76
510.38,24.06,44.79
511.42,24.07,44.79
512.47,24.05,44.77
513.51,24.06,44.80
514.55,24.07,44.79
515.60,24.10,44.84
516.64,24.07,44.84
517.68,24.07,44.86
518.73,24.09,44.84
519.77,24.06,44.88
520.82,24.07,44.83
521.86,24.09,44.86
522.90,24.10,44.88
523.95,24.12,44.91
524.99,24.10,44.90
526.03,24.09,44.89
527.08,24.09,44.92
528.12,24.10,44.93
529.16,24.09,44.91
530.21,24.10,44.92
531.25,24.10,44.91
532.30,24.10,44.96
533.34,24.12,44.93
534.38,24.10,44.97
535.43,24.10,44.94
536.47,24.09,45.00
537.51,24.12,45.01
538.56,24.10,44.98
539.60,24.12,45.01
540.64,24.12,45.00
541.69,24.12,45.05
542.73,24.10,45.02
543.77,24.12,45.06
544.82,24.12,45.05
545.86,24.10,45.08
546.91,24.12,45.09
547.95,24.12,45.06
548.99,24.12,45.11
550.04,24.10,45.10
551.08,24.12,45.11
552.12,24.14,45.11
553.17,24.13,45.13
554.21,24.13,45.15
555.25,24.13,45.11
556.30,24.12,45.13
557.34,24.14,45.16
558.39,24.14,45.15
559.43,24.13,45.16
560.47,24.14,45.19
561.52,24.13,45.21
562.56,24.13,45.23
563.60,24.14,45.23
564.65,24.13,45.24
565.69,24.14,45.22
566.73,24.14,45.23
567.78,24.14,45.27
568.82,24.14,45.26
569.87,24.13,45.23
570.91,24.13,45.28
571.95,24.14,45.29
573.00,24.14,45.29
574.04,24.16,45.26
575.08,24.17,45.29
576.13,24.14,45.28
577.17,24.16,45.33
578.21,24.14,45.33
579.26,24.19,45.35
580.30,24.16,45.34
581.35,24.17,45.38
582.39,24.14,45.37
583.43,24.16,45.37
584.48,24.16,45.39
585.52,24.16,45.39
586.56,24.14,45.39
587.61,24.16,45.44
588.65,24.16,45.42
589.69,24.17,45.44
590.74,24.19,45.43
591.78,24.17,45.48
592.83,24.17,45.46
593.87,24.19,45.50
594.91,24.17,45.51
595.96,24.17,45.55
597.00,24.17,45.52
598.04,24.20,45.50
599.09,24.19,45.52
600.13,24.20,45.55
601.17,24.17,45.59
602.22,24.17,45.60
603.26,24.20,45.56
604.31,24.20,45.63
605.35,24.17,45.63
606.39,24.17,45.68
607.44,24.20,45.66
608.48,24.17,45.70
609.52,24.20,45.67
610.57,24.20,45.66
611.61,24.17,45.71
612.65,24.19,45.71
613.70,24.21,45.68
614.74,24.20,45.72
615.78,24.19,45.74
616.83,24.19,45.73
617.87,24.20,45.76
618.92,24.21,45.77
619.96,24.21,45.77
621.00,24.19,45.80
622.05,24.19,45.77
623.09,24.21,45.82
624.13,24.23,45.82
625.18,24.19,45.84
626.22,24.20,45.83
627.26,24.21,45.86
628.31,24.23,45.90
629.35,24.20,45.87
630.40,24.24,45.93
631.44,24.21,45.92
632.48,24.21,45.91
633.53,24.20,45.93
634.57,24.21,45.94
635.61,24.23,45.95
636.66,24.24,45.94
637.70,24.23,45.95
638.74,24.23,45.98
639.79,24.24,46.01
640.83,24.23,45.97
641.87,24.23,46.04
642.92,24.24,46.10
643.96,24.23,46.08
645.01,24.26,46.08
646.05,24.26,46.12
647.09,24.23,46.11
648.14,24.24,46.12
649.18,24.23,46.13
650.22,24.21,46.17
651.27,24.24,46.17
652.31,24.24,46.14
653.36,24.24,46.17
654.40,24.23,46.20
655.44,24.24,46.20
656.49,24.24,46.25
657.53,24.23,46.24
658.57,24.26,46.22
659.62,24.24,46.25
660.66,24.27,46.27
661.70,24.24,46.26
662.75,24.27,46.32
663.79,24.28,46.33
664.84,24.27,46.35
665.88,24.28,46.31
666.92,24.26,46.35
667.97,24.27,46.37
669.01,24.27,46.36
670.05,24.28,46.40
671.10,24.28,46.40
672.14,24.27,46.43
673.18,24.28,46.43
674.23,24.27,46.45
675.27,24.28,46.48
676.32,24.28,46.47
677.36,24.27,46.49
678.40,24.30,46.52
679.45,24.30,46.56
680.49,24.30,46.58
681.53,24.30,46.59
682.58,24.30,46.59
683.62,24.30,46.54
684.66,24.31,46.61
685.71,24.31,46.62
686.75,24.33,46.65
687.79,24.33,46.69
688.84,24.31,46.69
689.88,24.33,46.71
690.93,24.31,46.73
691.97,24.33,46.71
693.01,24.34,46.78
694.06,24.33,46.80
695.10,24.33,46.80
696.14,24.33,46.85
697.19,24.33,46.85
698.23,24.33,46.88
699.27,24.31,46.88
700.32,24.30,46.90
701.36,24.31,46.91
702.41,24.30,46.94
703.45,24.31,46.94
704.49,24.34,46.98
705.54,24.31,47.01
706.58,24.31,47.01
707.62,24.31,47.04
708.67,24.33,47.01
709.71,24.31,47.07
710.75,24.33,47.09
711.80,24.31,47.13
712.84,24.33,47.13
713.88,24.33,47.12
714.93,24.31,47.14
715.97,24.30,47.17
717.02,24.31,47.16
718.06,24.30,47.20
719.10,24.31,47.23
720.15,24.28,47.22
721.19,24.31,47.23
722.23,24.30,47.26
723.28,24.33,47.27
724.32,24.33,47.28
725.36,24.33,47.31
726.41,24.33,47.37
727.45,24.34,47.35
728.50,24.36,47.38
729.54,24.34,47.40
730.58,24.34,47.41
731.63,24.36,47.45
732.67,24.36,47.48
733.71,24.37,47.51
734.76,24.36,47.51
735.80,24.37,47.52
736.84,24.37,47.55
737.89,24.37,47.60
738.93,24.36,47.63
739.98,24.37,47.61
741.02,24.37,47.67
742.06,24.40,47.66
743.11,24.38,47.67
744.15,24.37,47.72
745.19,24.36,47.74
746.24,24.40,47.75
747.28,24.36,47.82
748.32,24.38,47.80
749.37,24.38,47.83
750.41,24.40,47.84
751.46,24.37,47.87
752.50,24.40,47.92
753.54,24.38,47.92
754.59,24.38,47.92
755.63,24.41,47.99
756.67,24.38,47.99
757.72,24.37,48.02
758.76,24.38,48.04
759.80,24.40,48.04
760.85,24.40,48.08
761.89,24.41,48.14
762.94,24.40,48.15
763.98,24.38,48.16
765.02,24.40,48.19
766.07,24.38,48.21
767.11,24.40,48.24
768.15,24.40,48.24
769.20,24.43,48.26
770.24,24.41,48.29
771.28,24.43,48.35
772.33,24.44,48.39
773.37,24.43,48.35
774.42,24.43,48.43
775.46,24.43,48.42
776.50,24.40,48.48
777.55,24.43,48.45
778.59,24.41,48.49
779.63,24.41,48.51
780.68,24.43,48.55
781.72,24.43,48.59
782.76,24.41,48.58
783.81,24.41,48.62
784.85,24.41,48.66
785.89,24.41,48.70
786.94,24.41,48.67
787.98,24.40,48.73
789.03,24.43,48.77
790.07,24.44,48.79
791.11,24.43,48.79
792.16,24.44,48.81
793.20,24.44,48.85
794.24,24.44,48.87
795.29,24.44,48.93
796.33,24.46,48.96
797.37,24.47,48.95
798.42,24.47,49.03
799.46,24.44,49.02
800.51,24.46,49.06
801.55,24.47,49.07
802.59,24.50,49.09
803.64,24.46,49.13
804.68,24.46,49.16
805.72,24.46,49.24
806.77,24.46,49.19
807.81,24.50,49.24
808.85,24.47,49.27
809.90,24.48,49.29
810.94,24.48,49.33
811.98,24.48,49.37
813.03,24.47,49.42
814.07,24.48,49.41
815.12,24.48,49.48
816.16,24.46,49.49
817.20,24.50,49.53
818.25,24.46,49.50
819.29,24.48,49.59
820.33,24.47,49.61
821.38,24.50,49.63
822.42,24.50,49.65
823.46,24.46,49.69
824.51,24.50,49.71
825.55,24.47,49.73
826.60,24.50,49.80
827.64,24.50,49.80
828.68,24.48,49.83
829.73,24.47,49.85
830.77,24.50,49.86
831.81,24.50,49.90
832.86,24.50,49.94
833.90,24.48,49.97
834.95,24.50,50.01
835.99,24.50,50.00
837.03,24.50,50.07
838.08,24.50,50.07
839.12,24.51,50.10
840.16,24.51,50.13
841.21,24.51,50.17
842.25,24.53,50.18
843.29,24.51,50.23
844.34,24.53,50.29
845.38,24.53,50.28
846.43,24.53,50.31
847.47,24.51,50.34
848.51,24.54,50.39
849.56,24.51,50.41
850.60,24.53,50.45
851.64,24.54,50.45
852.69,24.51,50.49
853.73,24.53,50.53
854.77,24.56,50.55
855.82,24.57,50.61
856.86,24.56,50.61
857.90,24.56,50.66
858.95,24.54,50.68
859.99,24.57,50.76
861.04,24.54,50.75
862.08,24.57,50.76
863.12,24.58,50.82
864.17,24.57,50.84
865.21,24.58,50.89
866.25,24.57,50.92
867.30,24.58,50.96
868.34,24.60,50.99
869.38,24.57,51.01
870.43,24.58,51.06
871.47,24.58,51.06
872.52,24.60,51.12
873.56,24.56,51.07
874.60,24.57,51.16
875.65,24.58,51.20
876.69,24.58,51.23
877.73,24.56,51.28
878.78,24.58,51.28
879.82,24.58,51.31
880.86,24.58,51.36
881.91,24.57,51.37
882.95,24.60,51.39
883.99,24.58,51.42
885.04,24.58,51.46
886.08,24.58,51.46
887.13,24.60,51.53
888.17,24.58,51.56
889.21,24.63,51.59
890.26,24.60,51.63
891.30,24.61,51.66
892.34,24.61,51.70
893.39,24.61,51.78
894.43,24.61,51.75
895.47,24.63,51.83
896.52,24.60,51.86
897.56,24.60,51.87
898.61,24.60,51.88
899.65,24.63,51.95
900.69,24.60,51.98
901.74,24.60,52.02
902.78,24.61,52.01
903.82,24.60,52.10
904.87,24.61,52.13
905.91,24.60,52.12
906.95,24.58,52.15
908.00,24.61,52.19
909.04,24.61,52.22
910.09,24.60,52.23
911.13,24.60,52.27
912.17,24.61,52.29
913.22,24.63,52.33
914.26,24.60,52.37
915.30,24.61,52.39
916.35,24.63,52.43
917.39,24.63,52.44
918.43,24.63,52.49
919.48,24.60,52.52
920.52,24.61,52.56
921.57,24.63,52.59
922.61,24.63,52.58
923.65,24.65,52.64
924.70,24.64,52.69
925.74,24.64,52.66
926.78,24.63,52.76
927.83,24.63,52.74
928.87,24.63,52.76
929.91,24.64,52.80
930.96,24.65,52.83
932.00,24.64,52.86
933.05,24.64,52.90
934.09,24.63,52.92
935.13,24.67,52.98
936.18,24.64,52.98
937.22,24.61,53.01
938.26,24.61,53.01
939.31,24.64,53.06
940.35,24.64,53.07
941.39,24.65,53.11
942.44,24.64,53.17
943.48,24.64,53.20
944.52,24.65,53.22
945.57,24.64,53.23
946.61,24.64,53.25
947.66,24.64,53.28
948.70,24.67,53.35
949.74,24.67,53.36
950.79,24.67,53.41
951.83,24.68,53.43
952.87,24.67,53.47
953.92,24.65,53.49
954.96,24.68,53.51
956.00,24.68,53.56
957.05,24.65,53.54
958.09,24.68,53.57
959.14,24.67,53.59
960.18,24.67,53.66
961.22,24.68,53.68
962.27,24.67,53.70
963.31,24.67,53.73
964.35,24.69,53.79
965.40,24.68,53.79
966.44,24.69,53.82
967.48,24.68,53.85
968.53,24.69,53.90
969.57,24.68,53.93
970.61,24.68,53.95
971.66,24.68,53.97
972.70,24.68,53.96
973.75,24.69,53.98
974.79,24.69,54.04
975.83,24.69,54.07
976.88,24.68,54.12
977.92,24.68,54.12
978.96,24.71,54.17
980.01,24.68,54.19
981.05,24.71,54.23
982.09,24.68,54.25
983.14,24.68,54.25
984.18,24.69,54.31
985.23,24.71,54.35
986.27,24.69,54.35
987.31,24.69,54.37
988.36,24.74,54.37
989.40,24.74,54.41
990.44,24.71,54.47
991.49,24.71,54.49
992.53,24.71,54.49
993.57,24.71,54.52
994.62,24.71,54.58
995.66,24.72,54.59
996.71,24.71,54.62
997.75,24.71,54.66
998.79,24.72,54.70
999.84,24.74,54.71
1000.88,24.72,54.76
1001.92,24.72,54.79
1002.97,24.71,54.80
1004.01,24.72,54.84
1005.05,24.72,54.85
1006.10,24.74,54.89
1007.14,24.74,54.89
1008.19,24.75,54.96
1009.23,24.75,55.01
1010.27,24.75,54.96
1011.32,24.75,55.04
1012.36,24.77,55.09
1013.40,24.74,55.09
1014.45,24.74,55.09
1015.49,24.75,55.13
1016.54,24.72,55.16
1017.58,24.72,55.20
1018.62,24.74,55.21
1019.67,24.75,55.25
1020.71,24.75,55.28
1021.75,24.72,55.31
1022.80,24.74,55.35
1023.84,24.74,55.36
1024.88,24.74,55.40
1025.93,24.74,55.42
1026.97,24.74,55.43
1028.02,24.75,55.49
1029.06,24.74,55.50
1030.10,24.77,55.54
1031.15,24.74,55.53
1032.19,24.74,55.55
1033.23,24.74,55.60
1034.28,24.78,55.65
1035.32,24.75,55.71
1036.36,24.74,55.73
1037.41,24.75,55.74
1038.45,24.74,55.77
1039.50,24.75,55.79
1040.54,24.77,55.80
1041.58,24.74,55.84
1042.63,24.77,55.87
1043.67,24.75,55.88
1044.71,24.75,55.90
1045.76,24.74,55.94
1046.80,24.74,55.97
1047.84,24.72,56.00
1048.89,24.75,56.00
1049.93,24.77,56.06
1050.98,24.75,56.08
1052.02,24.72,56.11
1053.06,24.77,56.13
1054.11,24.74,56.16
1055.15,24.78,56.17
1056.19,24.75,56.21
1057.24,24.75,56.23
1058.28,24.77,56.27
1059.32,24.78,56.29
1060.37,24.77,56.31
1061.41,24.79,56.32
1062.46,24.81,56.37
1063.50,24.79,56.40
1064.54,24.77,56.42
1065.59,24.78,56.44
1066.63,24.79,56.48
1067.67,24.78,56.50
1068.72,24.78,56.51
1069.76,24.77,56.56
1070.81,24.78,56.57
1071.85,24.77,56.63
1072.89,24.79,56.61
1073.94,24.75,56.64
1074.98,24.77,56.68
1076.02,24.78,56.70
1077.07,24.78,56.74
1078.11,24.75,56.73
1079.15,24.78,56.78
1080.20,24.79,56.82
1081.24,24.77,56.85
1082.29,24.78,56.86
1083.33,24.79,56.89
1084.37,24.78,56.91
1085.42,24.79,56.89
1086.46,24.78,56.95
1087.50,24.78,56.97
1088.55,24.79,56.97
1089.59,24.78,57.03
1090.64,24.77,57.07
1091.68,24.79,57.05
1092.72,24.81,57.04
1093.77,24.79,57.13
1094.81,24.79,57.13
1095.85,24.79,57.15
1096.90,24.79,57.20
1097.94,24.82,57.21
1098.98,24.81,57.25
1100.03,24.78,57.27
1101.07,24.81,57.28
1102.12,24.81,57.28
1103.16,24.79,57.35
1104.20,24.82,57.37
1105.25,24.79,57.36
1106.29,24.81,57.37
1107.33,24.82,57.47
1108.38,24.82,57.46
1109.42,24.79,57.48
1110.46,24.81,57.49
1111.51,24.81,57.51
1112.55,24.84,57.54
1113.60,24.82,57.56
1114.64,24.81,57.56
1115.68,24.82,57.59
1116.73,24.82,57.63
1117.77,24.84,57.65
1118.81,24.82,57.69
1119.86,24.82,57.70
1120.90,24.82,57.74
1121.95,24.84,57.75
1122.99,24.81,57.77
1124.03,24.82,57.75
1125.08,24.82,57.78
1126.12,24.82,57.82
1127.16,24.82,57.84
1128.21,24.84,57.85
1129.25,24.81,57.89
1130.29,24.84,57.89
1131.34,24.85,57.93
1132.38,24.84,57.98
1133.43,24.84,57.98
1134.47,24.84,58.04
1135.51,24.85,58.00
1136.56,24.81,58.03
1137.60,24.85,58.07
1138.64,24.85,58.08
1139.69,24.84,58.10
1140.73,24.82,58.15
1141.77,24.84,58.17
1142.82,24.84,58.16
1143.86,24.84,58.18
1144.91,24.85,58.20
1145.95,24.85,58.26
1146.99,24.85,58.27
1148.04,24.84,58.26
1149.08,24.87,58.30
1150.12,24.85,58.32
1151.17,24.87,58.34
1152.21,24.85,58.37
1153.26,24.87,58.37
1154.30,24.85,58.40
1155.34,24.82,58.41
1156.39,24.85,58.44
1157.43,24.84,58.49
1158.47,24.85,58.49
1159.52,24.82,58.47
1160.56,24.82,58.55
1161.60,24.84,58.53
1162.65,24.85,58.59
1163.69,24.85,58.56
1164.74,24.81,58.61
1165.78,24.85,58.58
1166.82,24.87,58.60
1167.87,24.85,58.68
1168.91,24.87,58.70
1169.95,24.85,58.68
1171.00,24.85,58.68
1172.04,24.85,58.72
1173.09,24.85,58.81
1174.13,24.84,58.78
1175.17,24.91,58.80
1176.22,24.87,58.79
1177.26,24.89,58.81
1178.30,24.91,58.84
1179.35,24.91,58.88
1180.39,24.89,58.90
1181.43,24.88,58.88
1182.48,24.92,58.94
1183.52,24.91,58.97
1184.57,24.94,58.97
1185.61,24.94,59.01
1186.65,24.96,59.00
1187.70,24.95,59.04
1188.74,24.96,59.08
1189.78,24.99,59.08
1190.83,25.01,59.10
1191.87,25.01,59.15
1192.91,25.05,59.17
1193.96,25.05,59.19
1195.00,25.08,59.20
1196.05,25.09,59.22
1197.09,25.12,59.27
1198.13,25.14,59.30
1199.18,25.18,59.32
1200.22,25.20,59.35
1201.26,25.20,59.36
1202.31,25.25,59.40
1203.35,25.26,59.45
1204.40,25.27,59.48
1205.44,25.30,59.52
1206.48,25.35,59.53
1207.53,25.36,59.57
1208.57,25.35,59.62
1209.61,25.40,59.64
1210.66,25.39,59.65
1211.70,25.42,59.65
1212.74,25.42,59.73
1213.79,25.42,59.77
1214.83,25.46,59.80
1215.88,25.46,59.83
1216.92,25.50,59.86
1217.96,25.53,59.92
1219.01,25.54,59.93
1220.05,25.59,59.98
1221.09,25.59,60.02
1222.14,25.59,60.05
1223.18,25.62,60.11
1224.22,25.66,60.11
1225.27,25.66,60.19
1226.31,25.67,60.24
1227.36,25.70,60.20
1228.40,25.71,60.27
1229.44,25.76,60.33
1230.49,25.76,60.34
1231.53,25.77,60.38
1232.57,25.78,60.40
1233.62,25.80,60.45
1234.66,25.83,60.47
1235.70,25.84,60.52
1236.75,25.84,60.57
1237.79,25.88,60.60
1238.84,25.90,60.65
1239.88,25.88,60.68
1240.92,25.90,60.76
1241.97,25.90,60.82
1243.01,25.91,60.85
1244.05,25.88,60.92
1245.10,25.87,60.92
1246.14,25.87,61.00
1247.18,25.87,61.03
1248.23,25.86,61.09
1249.27,25.86,61.15
1250.32,25.86,61.19
1251.36,25.81,61.28
1252.40,25.83,61.32
1253.45,25.83,61.36
1254.49,25.80,61.42
1255.53,25.76,61.48
1256.58,25.80,61.51
1257.62,25.78,61.56
1258.66,25.80,61.61
1259.71,25.81,61.70
1260.75,25.78,61.76
1261.80,25.81,61.83
1262.84,25.84,61.81
1263.88,25.86,61.90
1264.93,25.86,61.96
1265.97,25.87,62.03
1267.01,25.88,62.06
1268.06,25.88,62.13
1269.10,25.88,62.20
1270.15,25.90,62.26
1271.19,25.87,62.32
1272.23,25.90,62.40
1273.28,25.90,62.42
1274.32,25.84,62.55
1275.36,25.78,62.63
1276.41,25.71,62.73
1277.45,25.64,62.80
1278.49,25.62,62.87
1279.54,25.62,62.95
1280.58,25.59,63.02
1281.63,25.57,63.07
1282.67,25.56,63.11
1283.71,25.53,63.22
1284.76,25.53,63.24
1285.80,25.51,63.35
1286.84,25.54,63.38
1287.89,25.57,63.45
1288.93,25.59,63.56
1289.97,25.62,63.58
1291.02,25.60,63.63
1292.06,25.64,63.72
1293.11,25.67,63.77
1294.15,25.66,63.84
1295.19,25.64,63.91
1296.24,25.67,63.97
1297.28,25.66,64.03
1298.32,25.69,64.12
1299.37,25.70,64.20
1300.41,25.67,64.23
1301.45,25.69,64.34
1302.50,25.70,64.39
1303.54,25.70,64.44
1304.59,25.67,64.52
1305.63,25.67,64.60
1306.67,25.69,64.66
1307.72,25.66,64.74
1308.76,25.67,64.77
1309.80,25.66,64.83
1310.85,25.64,64.94
1311.89,25.63,64.96
1312.94,25.67,65.06
1313.98,25.64,65.10
1315.02,25.63,65.17
1316.07,25.64,65.22
1317.11,25.63,65.28
1318.15,25.62,65.41
1319.20,25.64,65.46
1320.24,25.62,65.50
1321.28,25.60,65.56
1322.33,25.60,65.67
1323.37,25.62,65.72
1324.42,25.60,65.78
1325.46,25.59,65.83
1326.50,25.57,65.89
1327.55,25.56,65.97
1328.59,25.57,66.06
1329.63,25.54,66.09
1330.68,25.53,66.11
1331.72,25.57,66.19
1332.77,25.54,66.25
1333.81,25.54,66.29
1334.85,25.53,66.36
1335.90,25.50,66.44
1336.94,25.53,66.48
1337.98,25.54,66.55
1339.03,25.53,66.60
1340.07,25.56,66.65
1341.11,25.54,66.70
1342.16,25.54,66.77
1343.20,25.56,66.83
1344.25,25.56,66.91
1345.29,25.56,66.93
1346.33,25.54,66.98
1347.38,25.56,67.05
1348.42,25.51,67.12
1349.46,25.50,67.15
1350.51,25.45,67.18
1351.55,25.39,67.26
1352.59,25.35,67.29
1353.64,25.30,67.34
1354.68,25.25,67.40
1355.73,25.22,67.40
1356.77,25.22,67.45
1357.81,25.22,67.50
1358.86,25.18,67.54
1359.90,25.19,67.61
1360.94,25.18,67.61
1361.99,25.19,67.68
1363.03,25.20,67.70
1364.08,25.18,67.72
1365.12,25.20,67.75
1366.16,25.20,67.83
1367.21,25.22,67.90
1368.25,25.22,67.90
1369.29,25.23,67.92
1370.34,25.26,67.97
1371.38,25.26,68.02
1372.42,25.27,68.01
1373.47,25.26,68.07
1374.51,25.27,68.11
1375.56,25.29,68.13
1376.60,25.26,68.21
1377.64,25.26,68.25
1378.69,25.26,68.26
1379.73,25.26,68.30
1380.77,25.27,68.34
1381.82,25.29,68.38
1382.86,25.30,68.41
1383.91,25.32,68.44
1384.95,25.32,68.46
1385.99,25.35,68.51
1387.04,25.30,68.56
1388.08,25.33,68.58
1389.12,25.33,68.63
1390.17,25.35,68.66
1391.21,25.36,68.67
1392.25,25.33,68.71
1393.30,25.35,68.74
1394.34,25.35,68.78
1395.39,25.33,68.77
1396.43,25.29,68.83
1397.47,25.27,68.84
1398.52,25.27,68.85
1399.56,25.29,68.90
1400.60,25.29,68.90
1401.65,25.27,68.92
1402.69,25.30,68.96
1403.73,25.26,68.97
1404.78,25.27,68.99
1405.82,25.27,69.04
1406.87,25.26,69.06
1407.91,25.22,69.08
1408.95,25.19,69.12
1410.00,25.20,69.09
1411.04,25.18,69.12
1412.08,25.15,69.15
1413.13,25.15,69.16
1414.17,25.12,69.19
1415.22,25.14,69.20
1416.26,25.15,69.24
1417.30,25.20,69.23
1418.35,25.20,69.24
1419.39,25.25,69.27
1420.43,25.29,69.30
1421.48,25.32,69.31
1422.52,25.30,69.34
1423.56,25.35,69.32
1424.61,25.39,69.37
1425.65,25.39,69.39
1426.70,25.42,69.40
1427.74,25.43,69.43
1428.78,25.45,69.47
1429.83,25.46,69.48
1430.87,25.47,69.50
1431.91,25.46,69.49
1432.96,25.47,69.55
1434.00,25.46,69.54
1435.04,25.46,69.54
1436.09,25.43,69.57
1437.13,25.45,69.60
1438.18,25.40,69.62
1439.22,25.40,69.62
1440.26,25.42,69.66
1441.31,25.39,69.67
1442.35,25.43,69.68
1443.39,25.43,69.69
1444.44,25.45,69.71
1445.48,25.45,69.73
1446.52,25.43,69.76
1447.57,25.46,69.76
1448.61,25.46,69.81
1449.66,25.46,69.82
1450.70,25.47,69.82
1451.74,25.46,69.84
1452.79,25.47,69.84
1453.83,25.47,69.88
1454.87,25.49,69.90
1455.92,25.47,69.88
1456.96,25.49,69.90
1458.00,25.49,69.94
1459.05,25.49,69.94
1460.09,25.49,69.97
1461.14,25.49,69.96
1462.18,25.50,69.99
1463.22,25.51,70.03
1464.27,25.50,70.01
1465.31,25.47,70.04
1466.35,25.47,70.07
1467.40,25.50,70.07
1468.44,25.49,70.11
1469.49,25.49,70.14
1470.53,25.42,70.15
1471.57,25.45,70.17
1472.62,25.42,70.15
1473.66,25.42,70.18
1474.70,25.42,70.19
1475.75,25.45,70.24
1476.79,25.46,70.25
1477.83,25.49,70.28
1478.88,25.47,70.27
1479.92,25.50,70.33
1480.97,25.51,70.32
1482.01,25.51,70.36
1483.05,25.53,70.35
1484.10,25.50,70.36
1485.14,25.51,70.40
1486.18,25.51,70.41
1487.23,25.49,70.45
1488.27,25.50,70.45
1489.31,25.47,70.50
1490.36,25.45,70.53
1491.40,25.46,70.53
1492.45,25.47,70.55
1493.49,25.45,70.54
1494.53,25.47,70.58
1495.58,25.46,70.62
1496.62,25.46,70.61
1497.66,25.46,70.64
1498.71,25.47,70.64
1499.75,25.50,70.69
1500.79,25.50,70.71
1501.84,25.45,70.74
1502.88,25.45,70.77
1503.93,25.43,70.79
1504.97,25.42,70.85
1506.01,25.39,70.82
1507.06,25.40,70.88
1508.10,25.39,70.90
1509.14,25.37,70.88
1510.19,25.36,70.94
1511.23,25.37,70.92
1512.28,25.37,70.96
1513.32,25.36,70.98
1514.36,25.35,71.01
1515.41,25.37,71.02
1516.45,25.40,71.04
1517.49,25.42,71.09
1518.54,25.46,71.11
1519.58,25.47,71.12
1520.62,25.49,71.15
1521.67,25.47,71.16
1522.71,25.46,71.19
1523.76,25.46,71.21
1524.80,25.47,71.22
1525.84,25.46,71.25
1526.89,25.46,71.26
1527.93,25.45,71.26
1528.97,25.45,71.31
1530.02,25.45,71.33
1531.06,25.42,71.37
1532.10,25.40,71.39
1533.15,25.39,71.40
1534.19,25.40,71.42
1535.24,25.37,71.44
1536.28,25.40,71.47
1537.32,25.36,71.52
1538.37,25.37,71.50
1539.41,25.39,71.55
1540.45,25.40,71.58
1541.50,25.39,71.59
1542.54,25.37,71.58
1543.59,25.39,71.64
1544.63,25.37,71.66
1545.67,25.36,71.65
1546.72,25.37,71.66
1547.76,25.39,71.70
1548.80,25.37,71.74
1549.85,25.35,71.74
1550.89,25.36,71.74
1551.93,25.39,71.80
1552.98,25.37,71.81
1554.02,25.39,71.83
1555.07,25.33,71.82
1556.11,25.36,71.89
1557.15,25.37,71.89
1558.20,25.37,71.92
1559.24,25.35,71.93
1560.28,25.33,71.94
1561.33,25.36,71.99
1562.37,25.36,72.01
1563.41,25.36,71.99
1564.46,25.36,72.00
1565.50,25.37,72.05
1566.55,25.37,72.08
1567.59,25.36,72.09
1568.63,25.37,72.07
1569.68,25.36,72.13
1570.72,25.35,72.12
1571.76,25.35,72.17
1572.81,25.39,72.17
1573.85,25.36,72.21
1574.90,25.36,72.23
1575.94,25.37,72.22
1576.98,25.37,72.25
1578.03,25.39,72.27
1579.07,25.36,72.29
1580.11,25.37,72.30
1581.16,25.35,72.31
1582.20,25.36,72.33
1583.24,25.36,72.37
1584.29,25.35,72.39
1585.33,25.36,72.38
1586.38,25.35,72.42
1587.42,25.35,72.44
1588.46,25.33,72.45
1589.51,25.35,72.49
1590.55,25.33,72.50
1591.59,25.33,72.49
1592.64,25.35,72.53
1593.68,25.35,72.50
1594.73,25.35,72.55
1595.77,25.35,72.58
1596.81,25.35,72.60
1597.86,25.37,72.55
1598.90,25.36,72.61
1599.94,25.33,72.61
1600.99,25.37,72.64
1602.03,25.36,72.67
1603.07,25.37,72.70
1604.12,25.36,72.67
1605.16,25.35,72.70
1606.21,25.37,72.70
1607.25,25.36,72.72
1608.29,25.37,72.74
1609.34,25.36,72.76
1610.38,25.37,72.79
1611.42,25.37,72.79
1612.47,25.37,72.82
1613.51,25.35,72.85
1614.56,25.35,72.81
1615.60,25.36,72.85
1616.64,25.37,72.87
1617.69,25.36,72.92
1618.73,25.37,72.88
1619.77,25.37,72.91
1620.82,25.36,72.93
1621.86,25.37,72.92
1622.90,25.37,72.95
1623.95,25.37,72.96
1624.99,25.36,72.99
1626.04,25.35,73.01
1627.08,25.36,73.00
1628.12,25.36,73.04
1629.17,25.37,73.05
1630.21,25.39,73.05
1631.25,25.35,73.07
1632.30,25.39,73.09
1633.34,25.36,73.08
1634.38,25.36,73.12
1635.43,25.35,73.12
1636.47,25.36,73.11
1637.52,25.35,73.14
1638.56,25.33,73.13
1639.60,25.35,73.18
1640.65,25.36,73.17
1641.69,25.36,73.19
1642.73,25.36,73.19
1643.78,25.35,73.22
1644.82,25.35,73.24
1645.86,25.39,73.28
1646.91,25.39,73.23
1647.95,25.36,73.28
1649.00,25.37,73.24
1650.04,25.40,73.32
1651.08,25.37,73.34
1652.13,25.37,73.34
1653.17,25.39,73.37
1654.21,25.40,73.36
1655.26,25.39,73.35
1656.30,25.39,73.41
1657.35,25.39,73.38
1658.39,25.40,73.40
1659.43,25.40,73.41
1660.48,25.40,73.43
1661.52,25.40,73.44
1662.56,25.36,73.45
1663.61,25.37,73.48
1664.65,25.37,73.47
1665.69,25.37,73.48
1666.74,25.35,73.50
1667.78,25.37,73.51
1668.83,25.37,73.53
1669.87,25.37,73.54
1670.91,25.39,73.54
1671.96,25.39,73.55
1673.00,25.37,73.56
1674.04,25.37,73.56
1675.09,25.39,73.56
1676.13,25.39,73.62
1677.17,25.37,73.60
1678.22,25.37,73.61
1679.26,25.39,73.63
1680.31,25.39,73.65
1681.35,25.39,73.66
1682.39,25.37,73.65
1683.44,25.36,73.66
1684.48,25.39,73.68
1685.52,25.35,73.70
1686.57,25.37,73.69
1687.61,25.36,73.70
1688.65,25.39,73.71
1689.70,25.33,73.72
1690.74,25.35,73.71
1691.79,25.36,73.73
1692.83,25.36,73.76
1693.87,25.36,73.78
1694.92,25.35,73.76
1695.96,25.35,73.78
1697.00,25.35,73.81
1698.05,25.33,73.80
1699.09,25.36,73.82
1700.13,25.32,73.84
1701.18,25.32,73.86
1702.22,25.35,73.87
1703.27,25.32,73.89
1704.31,25.35,73.88
1705.35,25.33,73.87
1706.40,25.35,73.89
1707.44,25.35,73.89
1708.48,25.33,73.94
1709.53,25.33,73.90
1710.57,25.32,73.95
1711.62,25.35,73.97
1712.66,25.35,73.97
1713.70,25.36,73.96
1714.75,25.35,73.97
1715.79,25.36,73.97
1716.83,25.36,73.99
1717.88,25.36,74.00
1718.92,25.35,74.01
1719.96,25.35,74.03
1721.01,25.33,74.04
1722.05,25.33,73.99
1723.10,25.33,74.06
1724.14,25.32,74.03
1725.18,25.33,74.06
1726.23,25.33,74.06
1727.27,25.33,74.08
1728.31,25.32,74.10
1729.36,25.32,74.08
1730.40,25.32,74.12
1731.44,25.32,74.10
1732.49,25.30,74.11
1733.53,25.29,74.15
1734.58,25.30,74.13
1735.62,25.30,74.14
1736.66,25.32,74.15
1737.71,25.32,74.16
1738.75,25.30,74.17
1739.79,25.30,74.18
1740.84,25.33,74.18
1741.88,25.32,74.23
1742.93,25.30,74.19
1743.97,25.30,74.20
1745.01,25.33,74.20
1746.06,25.33,74.21
1747.10,25.32,74.22
1748.14,25.32,74.27
1749.19,25.33,74.24
1750.23,25.35,74.26
1751.27,25.35,74.28
1752.32,25.33,74.29
1753.36,25.33,74.31
1754.41,25.33,74.29
1755.45,25.33,74.30
1756.49,25.33,74.29
1757.54,25.35,74.31
1758.58,25.35,74.33
1759.62,25.33,74.34
1760.67,25.33,74.33
1761.71,25.35,74.36
1762.76,25.33,74.33
1763.80,25.33,74.37
1764.84,25.30,74.39
1765.89,25.30,74.38
1766.93,25.32,74.37
1767.97,25.30,74.37
1769.02,25.30,74.38
1770.06,25.30,74.37
1771.10,25.30,74.42
1772.15,25.29,74.39
1773.19,25.30,74.41
1774.24,25.30,74.44
1775.28,25.32,74.42
1776.32,25.30,74.44
1777.37,25.30,74.43
1778.41,25.30,74.46
1779.45,25.30,74.44
1780.50,25.27,74.48
1781.54,25.27,74.46
1782.59,25.29,74.44
1783.63,25.27,74.47
1784.67,25.27,74.48
1785.72,25.29,74.47
1786.76,25.29,74.52
1787.80,25.29,74.51
1788.85,25.30,74.48
1789.89,25.27,74.49
1790.93,25.29,74.49
1791.98,25.27,74.52
1793.02,25.30,74.52
1794.07,25.32,74.50
1795.11,25.29,74.51
1796.15,25.29,74.55
1797.20,25.29,74.54
1798.24,25.30,74.53
1799.28,25.30,74.53
1800.33,25.30,74.57
1801.37,25.27,74.57
1802.41,25.27,74.54
1803.46,25.29,74.58
1804.50,25.30,74.57
1805.55,25.30,74.58
1806.59,25.30,74.58
1807.63,25.32,74.52
1808.68,25.33,74.60
1809.72,25.32,74.59
1810.76,25.32,74.59
1811.81,25.30,74.63
1812.85,25.30,74.61
1813.90,25.32,74.58
1814.94,25.30,74.62
1815.98,25.30,74.61
1817.03,25.35,74.61
1818.07,25.33,74.63
1819.11,25.33,74.60
1820.16,25.32,74.62
1821.20,25.33,74.63
1822.24,25.33,74.64
1823.29,25.33,74.65
1824.33,25.33,74.66
1825.38,25.33,74.64
1826.42,25.33,74.65
1827.46,25.35,74.66
1828.51,25.32,74.67
1829.55,25.36,74.67
1830.59,25.33,74.66
1831.64,25.35,74.65
1832.68,25.35,74.66
1833.72,25.33,74.69
1834.77,25.33,74.66
1835.81,25.35,74.65
1836.86,25.36,74.67
1837.90,25.35,74.69
1838.94,25.36,74.70
1839.99,25.36,74.69
1841.03,25.36,74.70
1842.07,25.33,74.71
1843.12,25.35,74.70
1844.16,25.36,74.72
1845.20,25.36,74.70
1846.25,25.36,74.72
1847.29,25.36,74.72
1848.34,25.33,74.72
1849.38,25.35,74.71
1850.42,25.35,74.71
1851.47,25.35,74.73
1852.51,25.33,74.70
1853.55,25.35,74.74
1854.60,25.32,74.74
1855.64,25.33,74.74
1856.69,25.30,74.73
1857.73,25.33,74.73
1858.77,25.32,74.74
1859.82,25.32,74.74
1860.86,25.29,74.76
1861.90,25.29,74.76
1862.95,25.33,74.75
1863.99,25.30,74.74
1865.03,25.32,74.74
1866.08,25.32,74.74
1867.12,25.33,74.78
1868.17,25.33,74.74
1869.21,25.30,74.74
1870.25,25.32,74.77
1871.30,25.32,74.74
1872.34,25.32,74.79
1873.38,25.35,74.80
1874.43,25.32,74.76
1875.47,25.33,74.80
1876.51,25.32,74.79
1877.56,25.33,74.78
1878.60,25.32,74.78
1879.65,25.30,74.81
1880.69,25.30,74.77
1881.73,25.32,74.78
1882.78,25.32,74.80
1883.82,25.30,74.76
1884.86,25.32,74.79
1885.91,25.30,74.78
1886.95,25.32,74.81
1887.99,25.32,74.80
1889.04,25.30,74.79
1890.08,25.32,74.81
1891.13,25.32,74.76
1892.17,25.32,74.78
1893.21,25.30,74.80
1894.26,25.30,74.80
1895.30,25.29,74.81
1896.34,25.29,74.81
1897.39,25.30,74.81
1898.43,25.33,74.81
1899.48,25.29,74.82
1900.52,25.29,74.82
1901.56,25.30,74.83
1902.61,25.30,74.81
1903.65,25.35,74.81
1904.69,25.32,74.82
1905.74,25.30,74.81
1906.78,25.32,74.84
1907.82,25.30,74.80
1908.87,25.32,74.83
1909.91,25.32,74.83
1910.96,25.30,74.82
1912.00,25.33,74.82
1913.04,25.33,74.83
1914.09,25.32,74.85
1915.13,25.32,74.81
1916.17,25.29,74.83
1917.22,25.35,74.82
1918.26,25.33,74.83
1919.30,25.32,74.83
1920.35,25.32,74.84
1921.39,25.33,74.83
1922.44,25.32,74.86
1923.48,25.32,74.86
1924.52,25.35,74.85
1925.57,25.33,74.84
1926.61,25.32,74.85
1927.65,25.33,74.87
1928.70,25.32,74.84
1929.74,25.32,74.85
1930.79,25.30,74.82
1931.83,25.32,74.87
1932.87,25.33,74.85
1933.92,25.32,74.87
1934.96,25.30,74.87
1936.00,25.33,74.84
1937.05,25.32,74.86
1938.09,25.32,74.87
1939.13,25.32,74.85
1940.18,25.32,74.84
1941.22,25.30,74.84
1942.27,25.32,74.86
1943.31,25.33,74.87
1944.35,25.32,74.82
1945.40,25.32,74.85
1946.44,25.32,74.84
1947.48,25.33,74.86
1948.53,25.32,74.86
1949.57,25.32,74.87
1950.62,25.30,74.85
1951.66,25.33,74.86
1952.70,25.35,74.86
1953.75,25.35,74.89
1954.79,25.33,74.89
1955.83,25.35,74.86
1956.88,25.36,74.84
1957.92,25.35,74.87
1958.96,25.36,74.86
1960.01,25.32,74.89
1961.05,25.35,74.86
1962.10,25.32,74.88
1963.14,25.33,74.88
1964.18,25.30,74.90
1965.23,25.33,74.90
1966.27,25.33,74.88
1967.31,25.33,74.89
1968.36,25.33,74.88
1969.40,25.33,74.91
1970.45,25.33,74.91
1971.49,25.35,74.89
1972.53,25.32,74.88
1973.58,25.32,74.86
1974.62,25.32,74.90
1975.66,25.32,74.89
1976.71,25.35,74.90
1977.75,25.35,74.88
1978.79,25.32,74.88
1979.84,25.33,74.87
1980.88,25.32,74.86
1981.93,25.32,74.90
1982.97,25.33,74.89
1984.01,25.32,74.91
1985.06,25.35,74.90
1986.10,25.35,74.87
1987.14,25.35,74.91
1988.19,25.35,74.87
1989.23,25.35,74.92
1990.27,25.36,74.88
1991.32,25.33,74.87
1992.36,25.35,74.90
1993.41,25.33,74.90
1994.45,25.33,74.87
1995.49,25.32,74.89
1996.54,25.30,74.89
1997.58,25.32,74.90
1998.62,25.33,74.92
1999.67,25.33,74.90
2000.71,25.33,74.91
2001.76,25.32,74.90
2002.80,25.33,74.89
2003.84,25.35,74.91
2004.89,25.35,74.92
2005.93,25.35,74.93
2006.97,25.33,74.95
2008.02,25.33,74.92
2009.06,25.30,74.89
2010.10,25.22,74.91
2011.15,25.20,74.89
2012.19,25.18,74.90
2013.24,25.16,74.86
2014.28,25.14,74.92
2015.32,25.15,74.87
2016.37,25.11,74.89
2017.41,25.11,74.90
2018.45,25.09,74.85
2019.50,25.09,74.85
2020.54,25.09,74.87
2021.58,25.14,74.85
2022.63,25.15,74.85
2023.67,25.16,74.84
2024.72,25.18,74.83
2025.76,25.18,74.87
2026.80,25.19,74.87
2027.85,25.22,74.86
2028.89,25.22,74.86
2029.93,25.22,74.85
2030.98,25.26,74.88
2032.02,25.27,74.86
2033.06,25.29,74.88
2034.11,25.27,74.88
2035.15,25.30,74.85
2036.20,25.30,74.87
2037.24,25.33,74.86
2038.28,25.35,74.89
2039.33,25.36,74.88
2040.37,25.36,74.86
2041.41,25.36,74.90
2042.46,25.39,74.89
2043.50,25.39,74.90
2044.55,25.37,74.89
2045.59,25.37,74.91
2046.63,25.39,74.90
2047.68,25.37,74.90
2048.72,25.37,74.92
2049.76,25.36,74.92
2050.81,25.37,74.90
2051.85,25.37,74.93
2052.89,25.39,74.88
2053.94,25.40,74.92
2054.98,25.37,74.93
2056.03,25.42,74.95
2057.07,25.43,74.94
2058.11,25.46,74.94
2059.16,25.47,74.95
2060.20,25.46,74.91
2061.24,25.47,74.92
2062.29,25.45,74.96
2063.33,25.49,74.96
2064.37,25.45,74.92
2065.42,25.43,74.97
2066.46,25.45,74.95
2067.51,25.40,74.96
2068.55,25.42,74.99
2069.59,25.42,74.98
2070.64,25.40,74.96
2071.68,25.40,74.96
2072.72,25.40,74.99
2073.77,25.36,74.96
2074.81,25.36,74.98
2075.85,25.37,74.98
2076.90,25.35,74.97
2077.94,25.36,74.99
2078.99,25.36,74.97
2080.03,25.39,75.01
2081.07,25.37,75.03
2082.12,25.36,75.02
2083.16,25.36,75.00
2084.20,25.36,75.03
2085.25,25.36,74.98
2086.29,25.35,75.05
2087.33,25.33,74.99
2088.38,25.35,75.04
2089.42,25.30,75.02
2090.47,25.33,75.03
2091.51,25.32,75.04
2092.55,25.30,75.05
2093.60,25.27,75.07
2094.64,25.29,75.08
2095.68,25.26,75.06
2096.73,25.26,75.09
2097.77,25.25,75.07
2098.82,25.26,75.11
2099.86,25.27,75.05
2100.90,25.26,75.09
2101.95,25.27,75.10
2102.99,25.30,75.08
2104.03,25.27,75.09
2105.08,25.27,75.10
2106.12,25.27,75.11
2107.16,25.29,75.12
2108.21,25.32,75.11
2109.25,25.35,75.10
2110.30,25.33,75.14
2111.34,25.36,75.17
2112.38,25.35,75.14
2113.43,25.36,75.16
2114.47,25.33,75.15
2115.51,25.36,75.18
2116.56,25.36,75.19
2117.60,25.36,75.20
2118.64,25.35,75.21
2119.69,25.37,75.20
2120.73,25.37,75.24
2121.78,25.37,75.24
2122.82,25.39,75.25
2123.86,25.39,75.23
2124.91,25.39,75.25
2125.95,25.40,75.29
2126.99,25.42,75.27
2128.04,25.42,75.30
2129.08,25.42,75.28
2130.12,25.40,75.28
2131.17,25.42,75.33
2132.21,25.42,75.33
2133.26,25.43,75.32
2134.30,25.45,75.34
2135.34,25.43,75.35
2136.39,25.40,75.33
2137.43,25.39,75.34
2138.47,25.42,75.38
2139.52,25.40,75.36
2140.56,25.43,75.39
2141.60,25.46,75.39
2142.65,25.43,75.40
2143.69,25.45,75.44
2144.74,25.40,75.42
2145.78,25.43,75.43
2146.82,25.45,75.45
2147.87,25.42,75.43
2148.91,25.42,75.47
2149.95,25.42,75.48
2151.00,25.43,75.46
2152.04,25.39,75.47
2153.09,25.37,75.48
2154.13,25.37,75.49
2155.17,25.37,75.47
2156.22,25.37,75.52
2157.26,25.39,75.52
2158.30,25.39,75.54
2159.35,25.39,75.52
2160.39,25.40,75.55
2161.43,25.40,75.55
2162.48,25.40,75.52
2163.52,25.40,75.57
2164.57,25.42,75.55
2165.61,25.40,75.57
2166.65,25.42,75.60
2167.70,25.39,75.59
2168.74,25.43,75.60
2169.79,25.43,75.59
2170.83,25.43,75.60
2171.87,25.40,75.64
2172.91,25.39,75.61
2173.96,25.39,75.64
2175.00,25.42,75.65
2176.05,25.40,75.65
2177.09,25.39,75.64
2178.13,25.40,75.67
2179.18,25.43,75.70
2180.22,25.42,75.70
2181.27,25.42,75.67
2182.31,25.40,75.73
2183.35,25.42,75.75
2184.40,25.42,75.74
2185.44,25.39,75.72
2186.48,25.40,75.72
2187.53,25.40,75.74
2188.57,25.39,75.77
2189.61,25.40,75.76
2190.66,25.39,75.77
2191.70,25.39,75.76
2192.75,25.39,75.79
2193.79,25.39,75.79
2194.83,25.39,75.80
2195.88,25.42,75.82
2196.92,25.40,75.82
2197.96,25.43,75.82
2199.01,25.42,75.82
2200.05,25.42,75.81
2201.10,25.40,75.85
2202.14,25.39,75.86
2203.18,25.40,75.86
2204.22,25.40,75.87
2205.27,25.39,75.86
2206.31,25.40,75.89
2207.36,25.37,75.91
2208.40,25.37,75.91
2209.44,25.37,75.91
2210.49,25.37,75.92
2211.53,25.37,75.88
2212.58,25.35,75.92
2213.62,25.37,75.94
2214.66,25.37,75.92
2215.71,25.36,75.96
2216.75,25.39,75.94
2217.79,25.36,75.94
2218.84,25.40,75.95
2219.88,25.37,75.96
2220.92,25.35,75.97
2221.97,25.36,75.98
2223.01,25.39,76.00
2224.06,25.37,75.97
2225.10,25.36,76.02
2226.14,25.39,76.03
2227.19,25.39,76.01
2228.23,25.39,76.00
2229.27,25.40,76.00
2230.32,25.39,76.01
2231.36,25.36,76.05
2232.40,25.39,76.01
2233.45,25.39,76.06
2234.49,25.33,76.05
2235.54,25.35,76.07
2236.58,25.32,76.05
2237.62,25.32,76.05
2238.67,25.30,76.08
2239.71,25.32,76.07
2240.75,25.32,76.08
2241.80,25.30,76.08
2242.84,25.30,76.08
2243.88,25.32,76.07
2244.93,25.33,76.09
2245.97,25.32,76.12
2247.02,25.30,76.07
2248.06,25.30,76.08
2249.10,25.29,76.11
2250.15,25.29,76.12
2251.19,25.29,76.10
2252.23,25.30,76.11
2253.28,25.30,76.11
2254.32,25.29,76.10
2255.36,25.27,76.09
2256.41,25.29,76.12
2257.45,25.27,76.12
2258.50,25.29,76.13
2259.54,25.29,76.13
2260.58,25.27,76.13
2261.63,25.29,76.12
2262.67,25.26,76.14
2263.71,25.26,76.15
2264.76,25.27,76.16
2265.80,25.27,76.16
2266.85,25.26,76.15
2267.89,25.26,76.11
2268.93,25.26,76.14
2269.98,25.27,76.13
2271.02,25.27,76.16
2272.06,25.30,76.15
2273.11,25.29,76.15
2274.15,25.26,76.15
2275.19,25.26,76.14
2276.24,25.27,76.14
2277.28,25.26,76.17
2278.33,25.27,76.17
2279.37,25.27,76.15
2280.41,25.27,76.16
2281.46,25.27,76.16
2282.50,25.27,76.17
2283.54,25.29,76.15
2284.59,25.26,76.15
2285.63,25.25,76.14
2286.67,25.27,76.18
2287.72,25.26,76.16
2288.76,25.27,76.17
2289.81,25.26,76.14
2290.85,25.25,76.14
2291.89,25.26,76.17
2292.94,25.25,76.15
2293.98,25.25,76.13
2295.02,25.23,76.14
2296.07,25.25,76.15
2297.11,25.25,76.13
2298.16,25.23,76.17
2299.20,25.23,76.17
2300.24,25.25,76.13
2301.29,25.20,76.17
2302.33,25.20,76.14
2303.37,25.19,76.13
2304.42,25.15,76.11
2305.46,25.14,76.11
2306.50,25.12,76.10
2307.55,25.08,76.11
2308.59,25.04,76.08
2309.64,25.06,76.07
2310.68,25.04,76.08
2311.72,25.01,76.08
2312.77,25.02,76.06
2313.81,24.99,76.04
2314.85,25.02,76.04
2315.90,25.01,76.02
2316.94,24.99,76.02
2317.98,25.01,76.00
2319.03,25.02,76.01
2320.07,25.01,76.00
2321.12,25.02,76.01
2322.16,25.01,76.02
2323.20,24.98,75.98
2324.25,25.02,75.99
2325.29,24.98,75.99
2326.33,24.98,75.98
2327.38,24.99,75.96
2328.42,24.99,76.00
2329.46,24.99,75.97
2330.51,25.01,75.95
2331.55,24.99,75.98
2332.60,24.99,75.93
2333.64,24.99,75.97
2334.68,24.98,75.94
2335.73,24.99,75.95
2336.77,24.99,75.95
2337.81,24.96,75.92
2338.86,24.96,75.95
2339.90,24.95,75.92
2340.94,24.94,75.90
2341.99,24.96,75.91
2343.03,24.94,75.89
2344.08,24.92,75.89
2345.12,24.91,75.91
2346.16,24.94,75.90
2347.21,24.94,75.88
2348.25,24.92,75.85
2349.30,24.91,75.88
2350.34,24.91,75.86
2351.38,24.89,75.85
2352.42,24.89,75.82
2353.47,24.89,75.83
2354.51,24.88,75.81
2355.56,24.89,75.81
2356.60,24.89,75.80
2357.64,24.88,75.82
2358.69,24.91,75.80
2359.73,24.87,75.79
2360.78,24.88,75.75
2361.82,24.85,75.80
2362.86,24.85,75.79
2363.91,24.84,75.75
2364.95,24.84,75.74
2365.99,24.84,75.74
2367.04,24.82,75.75
2368.08,24.81,75.69
2369.12,24.81,75.68
2370.17,24.81,75.69
2371.21,24.79,75.68
2372.26,24.78,75.68
2373.30,24.77,75.67
2374.34,24.82,75.67
2375.39,24.79,75.64
2376.43,24.79,75.67
2377.47,24.78,75.61
2378.52,24.75,75.63
2379.56,24.78,75.60
2380.61,24.77,75.59
2381.65,24.74,75.60
2382.69,24.72,75.61
2383.73,24.72,75.58
2384.78,24.74,75.60
2385.82,24.72,75.57
2386.87,24.71,75.56
2387.91,24.72,75.54
2388.95,24.72,75.54
2390.00,24.68,75.56
2391.04,24.69,75.52
2392.09,24.68,75.54
2393.13,24.69,75.52
2394.17,24.67,75.51
2395.22,24.68,75.50
2396.26,24.68,75.48
2397.30,24.67,75.45
2398.35,24.65,75.44
2399.39,24.67,75.43
2400.43,24.67,75.44
2401.48,24.65,75.45
2402.52,24.65,75.44
2403.57,24.65,75.44
2404.61,24.65,75.42
2405.65,24.63,75.43
2406.70,24.65,75.39
2407.74,24.61,75.39
2408.78,24.64,75.39
2409.83,24.64,75.38
2410.87,24.63,75.37
2411.91,24.64,75.37
2412.96,24.61,75.35
2414.00,24.64,75.35
2415.05,24.61,75.33
2416.09,24.60,75.35
2417.13,24.61,75.33
2418.18,24.61,75.32
2419.22,24.60,75.30
2420.26,24.63,75.30
2421.31,24.60,75.31
2422.35,24.60,75.27
2423.39,24.58,75.26
2424.44,24.60,75.27
2425.48,24.57,75.27
2426.53,24.60,75.25
2427.57,24.60,75.22
2428.61,24.57,75.25
2429.66,24.57,75.20
2430.70,24.57,75.21
2431.75,24.58,75.19
2432.79,24.60,75.20
2433.83,24.56,75.19
2434.87,24.56,75.20
2435.92,24.57,75.18
2436.96,24.56,75.21
2438.01,24.54,75.16
2439.05,24.54,75.15
2440.09,24.53,75.16
2441.14,24.54,75.16
2442.18,24.56,75.13
2443.22,24.51,75.11
2444.27,24.51,75.13
2445.31,24.50,75.13
2446.36,24.50,75.11
2447.40,24.51,75.08
2448.44,24.51,75.10
2449.49,24.51,75.09
2450.53,24.50,75.06
2451.57,24.50,75.07
2452.62,24.48,75.05
2453.66,24.50,75.02
2454.70,24.47,75.03
2455.75,24.50,75.03
2456.79,24.48,75.00
2457.84,24.46,75.00
2458.88,24.50,75.00
2459.92,24.47,75.00
2460.97,24.46,74.98
2462.01,24.47,75.01
2463.05,24.44,74.98
2464.10,24.44,74.94
2465.14,24.43,74.94
2466.18,24.44,74.93
2467.23,24.43,74.95
2468.27,24.43,74.94
2469.32,24.44,74.92
2470.36,24.43,74.89
2471.40,24.43,74.89
2472.45,24.41,74.87
2473.49,24.40,74.87
2474.53,24.41,74.90
2475.58,24.40,74.85
2476.62,24.41,74.87
2477.67,24.40,74.86
2478.71,24.43,74.85
2479.75,24.41,74.84
2480.80,24.41,74.83
2481.84,24.38,74.81
2482.88,24.40,74.83
2483.93,24.40,74.84
2484.97,24.43,74.79
2486.01,24.38,74.78
2487.06,24.40,74.77
2488.10,24.38,74.73
2489.15,24.37,74.78
2490.19,24.37,74.75
2491.23,24.37,74.73
2492.28,24.38,74.74
2493.32,24.36,74.75
2494.36,24.37,74.73
2495.41,24.36,74.74
2496.45,24.36,74.70
2497.50,24.37,74.68
2498.54,24.34,74.72
2499.58,24.36,74.69
2500.63,24.34,74.70
2501.67,24.36,74.66
2502.71,24.34,74.66
2503.76,24.36,74.66
2504.80,24.33,74.65
2505.84,24.33,74.63
2506.89,24.34,74.61
2507.93,24.33,74.62
2508.98,24.33,74.61
2510.02,24.33,74.60
2511.06,24.33,74.59
2512.11,24.31,74.59
2513.15,24.33,74.57
2514.19,24.33,74.56
2515.24,24.33,74.56
2516.28,24.31,74.55
2517.32,24.33,74.55
2518.37,24.31,74.54
2519.41,24.30,74.54
2520.46,24.30,74.53
2521.50,24.28,74.53
2522.54,24.31,74.52
2523.59,24.30,74.52
2524.63,24.28,74.51
2525.67,24.31,74.50
2526.72,24.31,74.46
2527.76,24.30,74.47
2528.81,24.28,74.44
2529.85,24.30,74.46
2530.89,24.28,74.43
2531.94,24.28,74.46
2532.98,24.28,74.44
2534.02,24.27,74.43
2535.07,24.26,74.42
2536.11,24.27,74.42
2537.15,24.27,74.41
2538.20,24.24,74.39
2539.24,24.27,74.40
2540.29,24.28,74.35
2541.33,24.26,74.36
2542.37,24.26,74.35
2543.42,24.24,74.35
2544.46,24.27,74.35
2545.50,24.24,74.36
2546.55,24.24,74.34
2547.59,24.24,74.35
2548.63,24.26,74.32
2549.68,24.28,74.31
2550.72,24.26,74.31
2551.77,24.24,74.30
2552.81,24.27,74.28
2553.85,24.28,74.27
2554.90,24.27,74.26
2555.94,24.24,74.27
2556.98,24.24,74.27
2558.03,24.26,74.25
2559.07,24.24,74.23
2560.12,24.24,74.24
2561.16,24.24,74.21
2562.20,24.26,74.21
2563.25,24.24,74.22
2564.29,24.24,74.23
2565.33,24.24,74.20
2566.38,24.23,74.20
2567.42,24.24,74.20
2568.46,24.26,74.20
2569.51,24.27,74.16
2570.55,24.23,74.16
2571.60,24.24,74.15
2572.64,24.23,74.16
2573.68,24.21,74.14
2574.73,24.23,74.13
2575.77,24.21,74.11
2576.81,24.21,74.13
2577.86,24.23,74.07
2578.90,24.23,74.10
2579.94,24.21,74.11
2580.99,24.21,74.10
2582.03,24.21,74.08
2583.08,24.23,74.08
2584.12,24.20,74.09
2585.16,24.21,74.07
2586.21,24.20,74.08
2587.25,24.20,74.05
2588.29,24.17,74.06
2589.34,24.21,74.04
2590.38,24.19,74.04
2591.42,24.20,74.00
2592.47,24.20,74.03
2593.51,24.20,73.98
2594.56,24.20,73.98
2595.60,24.19,74.00
2596.64,24.19,73.98
2597.69,24.16,73.98
2598.73,24.19,73.96
2599.77,24.17,73.99
2600.82,24.17,73.95
2601.86,24.17,73.95
2602.90,24.17,73.93
2603.95,24.16,73.97
2604.99,24.19,73.93
2606.04,24.16,73.90
2607.08,24.16,73.90
2608.12,24.16,73.92
2609.17,24.19,73.89
2610.21,24.16,73.88
2611.26,24.16,73.86
2612.30,24.17,73.86
2613.34,24.17,73.85
2614.38,24.17,73.84
2615.43,24.16,73.82
2616.47,24.14,73.82
2617.52,24.16,73.82
2618.56,24.17,73.82
2619.60,24.16,73.80
2620.65,24.17,73.78
2621.69,24.17,73.78
2622.73,24.17,73.77
2623.78,24.17,73.77
2624.82,24.16,73.77
2625.87,24.16,73.74
2626.91,24.16,73.74
2627.95,24.16,73.75
2629.00,24.17,73.70
2630.04,24.16,73.70
2631.08,24.16,73.70
2632.13,24.14,73.70
2633.17,24.16,73.68
2634.21,24.16,73.69
2635.26,24.14,73.68
2636.30,24.14,73.68
2637.35,24.16,73.66
2638.39,24.17,73.65
2639.43,24.13,73.64
2640.48,24.14,73.63
2641.52,24.16,73.63
2642.57,24.14,73.62
2643.61,24.13,73.64
2644.65,24.14,73.60
2645.69,24.16,73.60
2646.74,24.13,73.61
2647.78,24.16,73.58
2648.83,24.14,73.56
2649.87,24.16,73.56
2650.91,24.16,73.56
2651.96,24.14,73.56
2653.00,24.17,73.51
2654.05,24.14,73.50
2655.09,24.14,73.50
2656.13,24.14,73.49
2657.18,24.13,73.47
2658.22,24.12,73.48
2659.26,24.13,73.47
2660.31,24.13,73.45
2661.35,24.12,73.44
2662.39,24.16,73.43
2663.44,24.13,73.42
2664.48,24.14,73.44
2665.53,24.14,73.41
2666.57,24.14,73.44
2667.61,24.12,73.41
2668.66,24.16,73.37
2669.70,24.13,73.39
2670.74,24.14,73.35
2671.79,24.16,73.35
2672.83,24.10,73.34
2673.87,24.12,73.33
2674.92,24.14,73.29
2675.96,24.16,73.30
2677.01,24.13,73.31
2678.05,24.13,73.30
2679.09,24.13,73.29
2680.14,24.12,73.27
2681.18,24.12,73.29
2682.22,24.10,73.23
2683.27,24.12,73.24
2684.31,24.13,73.23
2685.36,24.13,73.23
2686.40,24.13,73.20
2687.44,24.14,73.18
2688.49,24.13,73.18
2689.53,24.13,73.18
2690.57,24.14,73.20
2691.62,24.16,73.15
2692.66,24.13,73.16
2693.70,24.14,73.13
2694.75,24.14,73.13
2695.79,24.13,73.09
2696.84,24.14,73.09
2697.88,24.14,73.10
2698.92,24.16,73.09
2699.97,24.14,73.08
2701.01,24.16,73.09
2702.05,24.14,73.05
2703.10,24.13,73.07
2704.14,24.13,73.04
2705.18,24.13,73.01
2706.23,24.12,73.05
2707.27,24.14,73.01
2708.32,24.12,73.00
2709.36,24.12,72.95
2710.40,24.13,72.99
2711.45,24.13,72.97
2712.49,24.12,72.95
2713.53,24.13,72.92
2714.58,24.13,72.93
2715.62,24.12,72.89
2716.66,24.13,72.91
2717.71,24.13,72.90
2718.75,24.12,72.89
2719.80,24.12,72.87
2720.84,24.12,72.87
2721.88,24.14,72.81
2722.93,24.13,72.79
2723.97,24.12,72.86
2725.01,24.10,72.81
2726.06,24.13,72.81
2727.10,24.13,72.78
2728.14,24.12,72.77
2729.19,24.10,72.76
2730.23,24.14,72.78
2731.28,24.13,72.74
2732.32,24.12,72.72
2733.36,24.12,72.71
2734.41,24.13,72.73
2735.45,24.12,72.72
2736.49,24.13,72.70
2737.54,24.13,72.70
2738.58,24.13,72.67
2739.63,24.12,72.63
2740.67,24.12,72.63
2741.71,24.12,72.63
2742.76,24.12,72.61
2743.80,24.09,72.60
2744.84,24.12,72.63
2745.89,24.13,72.59
2746.93,24.10,72.58
2747.97,24.13,72.57
2749.02,24.12,72.56
2750.06,24.10,72.55
2751.11,24.12,72.55
2752.15,24.10,72.52
2753.19,24.12,72.51
2754.24,24.12,72.49
2755.28,24.10,72.51
2756.32,24.12,72.48
2757.37,24.10,72.48
2758.41,24.13,72.47
2759.45,24.12,72.48
2760.50,24.07,72.45
2761.54,24.12,72.44
2762.59,24.09,72.46
2763.63,24.07,72.40
2764.67,24.09,72.38
2765.72,24.09,72.39
2766.76,24.09,72.35
2767.80,24.10,72.36
2768.85,24.10,72.34
2769.89,24.09,72.32
2770.93,24.09,72.33
2771.98,24.09,72.34
2773.02,24.09,72.29
2774.07,24.10,72.26
2775.11,24.07,72.27
2776.15,24.07,72.26
2777.20,24.06,72.28
2778.24,24.09,72.27
2779.28,24.10,72.24
2780.33,24.09,72.22
2781.37,24.10,72.21
2782.41,24.09,72.20
2783.46,24.09,72.17
2784.50,24.09,72.17
2785.55,24.09,72.13
2786.59,24.06,72.14
2787.63,24.07,72.15
2788.68,24.09,72.12
2789.72,24.07,72.10
2790.76,24.09,72.12
2791.81,24.09,72.09
2792.85,24.07,72.07
2793.89,24.09,72.05
2794.94,24.07,72.05
2795.98,24.07,72.05
2797.03,24.06,72.02
2798.07,24.09,72.03
2799.11,24.07,71.99
2800.16,24.09,72.02
2801.20,24.07,71.99
2802.25,24.12,71.97
2803.29,24.09,71.95
2804.33,24.07,71.95
2805.38,24.10,71.94
2806.42,24.09,71.94
2807.46,24.07,71.90
2808.51,24.10,71.88
2809.55,24.09,71.89
2810.59,24.09,71.92
2811.64,24.09,71.88
2812.68,24.09,71.86
2813.72,24.10,71.82
2814.77,24.09,71.85
2815.81,24.09,71.77
2816.86,24.07,71.84
2817.90,24.09,71.80
2818.94,24.07,71.79
2819.99,24.07,71.81
2821.03,24.07,71.75
2822.07,24.09,71.76
2823.12,24.09,71.74
2824.16,24.06,71.72
2825.20,24.06,71.72
2826.25,24.07,71.71
2827.29,24.07,71.70
2828.34,24.07,71.69
2829.38,24.06,71.66
2830.42,24.07,71.67
2831.47,24.07,71.67
2832.51,24.05,71.67
2833.56,24.05,71.65
2834.60,24.06,71.64
2835.64,24.07,71.62
2836.68,24.07,71.57
2837.73,24.06,71.58
2838.77,24.06,71.57
2839.82,24.06,71.56
2840.86,24.05,71.55
2841.90,24.07,71.55
2842.95,24.06,71.50
2843.99,24.05,71.49
2845.04,24.06,71.50
2846.08,24.06,71.47
2847.12,24.05,71.44
2848.16,24.03,71.45
2849.21,24.05,71.44
2850.25,24.06,71.44
2851.30,24.05,71.46
2852.34,24.06,71.42
2853.38,24.05,71.41
2854.43,24.03,71.39
2855.47,24.05,71.37
2856.52,24.06,71.35
2857.56,24.07,71.35
2858.60,24.03,71.34
2859.65,24.05,71.32
2860.69,24.06,71.33
2861.73,24.07,71.30
2862.78,24.02,71.30
2863.82,24.05,71.28
2864.87,24.03,71.28
2865.91,24.05,71.27
2866.95,24.02,71.25
2868.00,24.02,71.24
2869.04,24.03,71.23
2870.08,24.05,71.24
2871.13,24.05,71.19
2872.17,24.05,71.21
2873.21,24.03,71.20
2874.26,24.03,71.17
2875.30,24.03,71.15
2876.35,24.06,71.16
2877.39,24.05,71.11
2878.43,24.05,71.11
2879.47,24.03,71.13
2880.52,24.03,71.08
2881.56,24.05,71.08
2882.61,24.03,71.10
2883.65,24.03,71.08
2884.69,24.03,71.05
2885.74,24.03,71.05
2886.78,24.03,71.06
2887.83,24.02,71.03
2888.87,24.03,71.02
2889.91,24.03,71.02
2890.95,24.03,71.00
2892.00,24.05,70.95
2893.04,24.02,70.96
2894.09,24.05,70.95
2895.13,24.05,70.95
2896.17,24.03,70.95
2897.22,24.00,70.93
2898.26,24.02,70.88
2899.31,24.02,70.88
2900.35,24.03,70.84
2901.39,24.03,70.86
2902.44,24.05,70.83
2903.48,24.03,70.84
2904.52,24.05,70.82
2905.57,24.03,70.83
2906.61,24.03,70.82
2907.65,24.03,70.81
2908.70,24.05,70.78
2909.74,24.02,70.75
2910.79,24.03,70.78
2911.83,24.02,70.74
2912.87,24.03,70.73
2913.92,24.02,70.72
2914.96,24.05,70.73
2916.00,24.03,70.71
2917.05,24.03,70.70
2918.09,24.03,70.68
2919.14,24.02,70.66
2920.18,24.02,70.68
2921.22,24.03,70.65
2922.27,24.02,70.67
2923.31,24.02,70.62
2924.35,24.02,70.58
2925.40,24.02,70.57
2926.44,24.02,70.60
2927.48,24.03,70.58
2928.53,24.02,70.58
2929.57,24.05,70.55
2930.62,24.03,70.54
2931.66,24.02,70.51
2932.70,24.02,70.51
2933.75,24.03,70.51
2934.79,24.02,70.50
2935.83,24.02,70.48
2936.88,24.05,70.44
2937.92,24.03,70.48
2938.96,24.02,70.42
2940.01,24.03,70.40
2941.05,24.00,70.41
2942.10,24.02,70.39
2943.14,24.02,70.38
2944.18,24.00,70.38
2945.23,24.00,70.39
2946.27,23.99,70.37
2947.31,23.97,70.33
2948.36,24.02,70.30
2949.40,24.02,70.33
2950.44,24.02,70.29
2951.49,23.99,70.30
2952.53,24.00,70.30
2953.58,23.99,70.25
2954.62,24.00,70.25
2955.66,24.00,70.24
2956.71,24.00,70.24
2957.75,24.00,70.23
2958.79,23.99,70.19
2959.84,24.00,70.19
2960.88,24.00,70.19
2961.92,23.99,70.18
2962.97,24.00,70.16
2964.01,24.02,70.16
2965.06,23.99,70.12
2966.10,24.02,70.11
2967.14,23.97,70.07
2968.19,23.99,70.08
2969.23,23.99,70.07
2970.27,23.97,70.07
2971.32,24.00,70.06
2972.36,23.97,70.06
2973.40,23.99,70.04
2974.45,24.00,70.04
2975.49,24.00,69.99
2976.54,24.00,69.99
2977.58,24.00,70.01
2978.62,24.00,69.99
2979.67,24.00,69.96
2980.71,24.00,69.98
2981.75,23.97,69.94
2982.80,23.99,69.91
2983.84,23.99,69.91
2984.89,23.99,69.90
2985.93,23.99,69.88
2986.97,23.99,69.90
2988.02,23.99,69.86
2989.06,23.97,69.84
2990.10,24.00,69.87
2991.15,23.97,69.88
2992.19,23.99,69.80
2993.23,23.99,69.78
2994.28,23.99,69.78
2995.32,23.99,69.78
2996.37,24.00,69.79
2997.41,23.99,69.76
2998.45,23.99,69.76
2999.50,24.00,69.74
3000.54,23.97,69.72
3001.58,23.99,69.72
3002.63,23.99,69.68
3003.67,23.99,69.69
3004.71,23.99,69.71
3005.76,23.99,69.69
3006.80,23.97,69.68
3007.85,23.96,69.65
3008.89,23.97,69.64
3009.93,23.99,69.62
3010.98,23.96,69.60
3012.02,23.96,69.60
3013.06,23.97,69.59
3014.11,23.97,69.60
3015.15,23.97,69.56
3016.19,23.97,69.56
3017.24,23.99,69.54
3018.28,23.97,69.51
3019.33,23.96,69.55
3020.37,23.95,69.51
3021.41,23.97,69.49
3022.46,23.99,69.51
3023.50,23.96,69.49
3024.54,23.96,69.45
3025.59,23.97,69.43
3026.63,23.96,69.44
3027.67,23.97,69.44
3028.72,23.97,69.45
3029.76,23.97,69.43
3030.81,23.97,69.40
3031.85,23.96,69.38
3032.89,23.96,69.37
3033.94,23.96,69.37
3034.98,23.96,69.37
3036.02,23.97,69.34
3037.07,23.97,69.35
3038.11,23.96,69.32
3039.16,23.96,69.27
3040.20,23.97,69.29
3041.24,23.96,69.29
3042.29,23.96,69.25
3043.33,23.96,69.27
3044.37,23.95,69.24
3045.42,23.95,69.23
3046.46,23.96,69.21
3047.50,23.95,69.21
3048.55,23.96,69.19
3049.59,23.99,69.20
3050.64,23.96,69.17
3051.68,23.96,69.17
3052.72,23.95,69.17
3053.77,23.96,69.12
3054.81,23.95,69.14
3055.85,23.95,69.13
3056.90,23.96,69.12
3057.94,23.96,69.08
3058.98,23.96,69.08
3060.03,23.97,69.08
3061.07,23.95,69.06
3062.12,23.95,69.05
3063.16,23.96,69.04
3064.20,23.92,69.02
3065.25,23.96,69.03
3066.29,23.93,68.99
3067.33,23.95,68.98
3068.38,23.96,68.97
3069.42,23.96,68.98
3070.47,23.95,68.95
3071.51,23.95,68.95
3072.55,23.96,68.94
3073.60,23.96,68.94
3074.64,23.96,68.91
3075.68,23.95,68.90
3076.73,23.95,68.91
3077.77,23.93,68.87
3078.81,23.93,68.86
3079.86,23.93,68.87
3080.90,23.92,68.86
3081.95,23.95,68.83
3082.99,23.92,68.83
3084.03,23.93,68.82
3085.08,23.96,68.80
3086.12,23.93,68.80
3087.16,23.93,68.78
3088.21,23.95,68.76
3089.25,23.93,68.76
3090.30,23.95,68.76
3091.34,23.96,68.74
3092.38,23.93,68.73
3093.43,23.93,68.73
3094.47,23.92,68.69
3095.51,23.93,68.69
3096.56,23.95,68.67
3097.60,23.93,68.69
3098.64,23.90,68.67
3099.69,23.95,68.66
3100.73,23.93,68.64
3101.78,23.95,68.62
3102.82,23.92,68.63
3103.86,23.96,68.61
3104.91,23.92,68.60
3105.95,23.92,68.56
3106.99,23.92,68.58
3108.04,23.92,68.56
3109.08,23.92,68.56
3110.13,23.93,68.53
3111.17,23.93,68.49
3112.21,23.93,68.48
3113.26,23.93,68.48
3114.30,23.93,68.51
3115.34,23.92,68.47
3116.39,23.93,68.47
3117.43,23.90,68.42
3118.47,23.93,68.46
3119.52,23.93,68.43
3120.56,23.92,68.41
3121.61,23.92,68.39
3122.65,23.93,68.42
3123.69,23.93,68.37
3124.74,23.95,68.39
3125.78,23.93,68.37
3126.82,23.93,68.33
3127.87,23.93,68.33
3128.91,23.95,68.32
3129.95,23.90,68.33
3131.00,23.95,68.30
3132.04,23.93,68.30
3133.09,23.95,68.27
3134.13,23.92,68.25
3135.17,23.93,68.24
3136.22,23.92,68.24
3137.26,23.92,68.23
3138.30,23.92,68.24
3139.35,23.93,68.24
3140.39,23.90,68.17
3141.43,23.93,68.19
3142.48,23.90,68.14
3143.52,23.90,68.13
3144.57,23.93,68.15
3145.61,23.95,68.13
3146.65,23.92,68.13
3147.70,23.95,68.11
3148.74,23.96,68.09
3149.78,23.92,68.08
3150.83,23.93,68.09
3151.87,23.92,68.05
3152.91,23.90,68.06
3153.96,23.92,68.04
3155.00,23.93,68.03
3156.05,23.90,67.99
3157.09,23.92,67.99
3158.13,23.92,67.99
3159.18,23.92,67.99
3160.22,23.92,67.98
3161.27,23.89,67.94
3162.31,23.90,67.96
3163.35,23.92,67.94
3164.40,23.93,67.91
3165.44,23.92,67.91
3166.48,23.92,67.88
3167.53,23.90,67.88
3168.57,23.90,67.89
3169.61,23.92,67.86
3170.66,23.90,67.83
3171.70,23.92,67.86
3172.75,23.90,67.85
3173.79,23.92,67.82
3174.83,23.90,67.80
3175.88,23.92,67.80
3176.92,23.90,67.82
3177.96,23.92,67.78
3179.01,23.90,67.75
3180.05,23.92,67.74
3181.09,23.90,67.73
3182.14,23.90,67.71
3183.18,23.90,67.71
3184.22,23.92,67.72
3185.27,23.92,67.70
3186.31,23.90,67.69
3187.36,23.92,67.65
3188.40,23.90,67.64
3189.44,23.92,67.64
3190.49,23.92,67.65
3191.53,23.90,67.63
3192.57,23.90,67.63
3193.62,23.93,67.58
3194.66,23.90,67.58
3195.70,23.93,67.55
3196.75,23.90,67.55
3197.79,23.90,67.56
3198.84,23.90,67.50
3199.88,23.89,67.52
3200.92,23.92,67.49
3201.97,23.90,67.50
3203.01,23.88,67.44
3204.06,23.92,67.49
3205.10,23.93,67.46
3206.14,23.92,67.44
3207.19,23.92,67.41
3208.23,23.90,67.42
3209.27,23.90,67.44
3210.32,23.89,67.42
3211.36,23.89,67.40
3212.40,23.88,67.38
3213.45,23.89,67.35
3214.49,23.88,67.34
3215.54,23.88,67.34
3216.58,23.89,67.32
3217.62,23.89,67.31
3218.67,23.90,67.32
3219.71,23.90,67.27
3220.75,23.89,67.28
3221.80,23.88,67.28
3222.84,23.90,67.24
3223.88,23.90,67.26
3224.93,23.88,67.25
3225.97,23.90,67.22
3227.02,23.88,67.22
3228.06,23.89,67.20
3229.10,23.90,67.18
3230.15,23.89,67.14
3231.19,23.88,67.21
3232.23,23.89,67.15
3233.28,23.89,67.14
3234.32,23.89,67.17
3235.36,23.92,67.15
3236.41,23.89,67.10
3237.45,23.90,67.11
3238.50,23.89,67.10
3239.54,23.88,67.09
3240.58,23.89,67.07
3241.63,23.88,67.09
3242.67,23.89,67.01
3243.71,23.89,67.04
3244.76,23.89,67.01
3245.80,23.89,67.00
3246.84,23.88,66.98
3247.89,23.89,66.97
3248.93,23.88,66.98
3249.98,23.86,66.96
3251.02,23.89,66.94
3252.06,23.86,66.92
3253.11,23.88,66.94
3254.15,23.88,66.92
3255.19,23.89,66.88
3256.24,23.89,66.90
3257.28,23.86,66.88
3258.33,23.92,66.86
3259.37,23.88,66.83
3260.41,23.88,66.84
3261.46,23.89,66.85
3262.50,23.88,66.81
3263.54,23.89,66.86
3264.59,23.90,66.79
3265.63,23.86,66.77
3266.67,23.89,66.77
3267.72,23.89,66.77
3268.76,23.88,66.76
3269.81,23.88,66.73
3270.85,23.89,66.74
3271.89,23.89,66.73
3272.94,23.86,66.69
3273.98,23.88,66.69
3275.02,23.88,66.66
3276.07,23.90,66.67
3277.11,23.88,66.67
3278.15,23.86,66.64
3279.20,23.88,66.62
3280.24,23.89,66.64
3281.29,23.86,66.62
3282.33,23.86,66.58
3283.37,23.88,66.58
3284.42,23.90,66.60
3285.46,23.88,66.55
3286.50,23.88,66.57
3287.55,23.88,66.56
3288.59,23.88,66.54
3289.64,23.88,66.52
3290.68,23.88,66.50
3291.72,23.88,66.50
3292.77,23.86,66.51
3293.81,23.88,66.49
3294.85,23.86,66.48
3295.90,23.86,66.46
3296.94,23.88,66.45
3297.98,23.86,66.42
3299.03,23.88,66.45
3300.07,23.86,66.44
3301.12,23.88,66.39
3302.16,23.88,66.40
3303.20,23.86,66.37
3304.25,23.88,66.37
3305.29,23.88,66.35
3306.33,23.88,66.34
3307.38,23.89,66.34
3308.42,23.86,66.32
3309.46,23.88,66.30
3310.51,23.86,66.30
3311.55,23.89,66.29
3312.60,23.86,66.26
3313.64,23.88,66.25
3314.68,23.88,66.25
3315.73,23.88,66.20
3316.77,23.88,66.21
3317.81,23.88,66.19
3318.86,23.88,66.18
3319.90,23.88,66.17
3320.94,23.88,66.17
3321.99,23.88,66.15
3323.03,23.88,66.17
3324.08,23.88,66.17
3325.12,23.86,66.14
3326.16,23.88,66.16
3327.21,23.88,66.11
3328.25,23.86,66.09
3329.29,23.86,66.10
3330.34,23.89,66.10
3331.38,23.88,66.04
3332.42,23.88,66.06
3333.47,23.88,66.05
3334.51,23.88,66.04
3335.56,23.90,66.02
3336.60,23.88,66.04
3337.64,23.88,66.00
3338.69,23.88,65.98
3339.73,23.88,65.94
3340.78,23.86,65.93
3341.82,23.86,65.95
3342.86,23.88,65.94
3343.91,23.88,65.89
3344.95,23.86,65.91
3345.99,23.88,65.89
3347.04,23.86,65.90
3348.08,23.86,65.91
3349.12,23.85,65.85
3350.17,23.86,65.88
3351.21,23.85,65.85
3352.26,23.86,65.84
3353.30,23.86,65.83
3354.34,23.83,65.82
3355.39,23.85,65.80
3356.43,23.85,65.78
3357.47,23.86,65.78
3358.52,23.86,65.75
3359.56,23.88,65.75
3360.60,23.85,65.76
3361.65,23.86,65.75
3362.69,23.86,65.73
3363.73,23.86,65.69
3364.78,23.86,65.68
3365.82,23.85,65.68
3366.87,23.86,65.68
3367.91,23.85,65.66
3368.95,23.86,65.62
3370.00,23.85,65.65
3371.04,23.85,65.62
3372.09,23.85,65.59
3373.13,23.85,65.59
3374.17,23.82,65.60
3375.21,23.85,65.56
3376.26,23.85,65.62
3377.30,23.83,65.55
3378.35,23.83,65.54
3379.39,23.86,65.55
3380.43,23.85,65.55
3381.48,23.85,65.51
3382.52,23.86,65.49
3383.57,23.85,65.48
3384.61,23.86,65.46
3385.65,23.86,65.47
3386.70,23.85,65.44
3387.74,23.82,65.45
3388.78,23.85,65.42
3389.83,23.86,65.40
3390.87,23.85,65.40
3391.91,23.83,65.42
3392.96,23.85,65.40
3394.00,23.85,65.38
3395.05,23.85,65.35
3396.09,23.85,65.34
3397.13,23.83,65.32
3398.18,23.82,65.32
3399.22,23.85,65.34
3400.26,23.88,65.32
3401.31,23.82,65.28
3402.35,23.86,65.28
3403.40,23.86,65.27
3404.44,23.82,65.24
3405.48,23.85,65.27
3406.53,23.82,65.22
3407.57,23.85,65.23
3408.61,23.85,65.22
3409.66,23.86,65.20
3410.70,23.86,65.20
3411.74,23.85,65.17
3412.79,23.83,65.16
3413.83,23.85,65.17
3414.88,23.85,65.16
3415.92,23.85,65.14
3416.96,23.85,65.14
3418.01,23.83,65.10
3419.05,23.85,65.10
3420.09,23.83,65.08
3421.14,23.85,65.06
3422.18,23.85,65.10
3423.22,23.85,65.06
3424.27,23.85,65.04
3425.31,23.83,65.04
3426.36,23.83,65.04
3427.40,23.83,65.04
3428.44,23.83,65.00
3429.49,23.82,65.01
3430.53,23.83,64.98
3431.57,23.83,64.99
3432.62,23.82,64.96
3433.66,23.85,64.96
3434.70,23.83,64.96
3435.75,23.86,64.92
3436.79,23.83,64.90
3437.84,23.82,64.90
3438.88,23.80,64.93
3439.92,23.83,64.88
3440.97,23.85,64.84
3442.01,23.83,64.85
3443.05,23.83,64.86
3444.10,23.83,64.83
3445.14,23.82,64.86
3446.18,23.83,64.80
3447.23,23.85,64.83
3448.27,23.85,64.80
3449.32,23.83,64.78
3450.36,23.83,64.75
3451.40,23.85,64.77
3452.45,23.83,64.75
3453.49,23.85,64.75
3454.53,23.85,64.75
3455.58,23.82,64.71
3456.62,23.83,64.71
3457.67,23.83,64.69
3458.71,23.83,64.71
3459.75,23.80,64.68
3460.80,23.82,64.66
3461.84,23.83,64.66
3462.88,23.83,64.65
3463.93,23.83,64.60
3464.97,23.83,64.65
3466.01,23.83,64.59
3467.06,23.85,64.63
3468.10,23.83,64.59
3469.15,23.83,64.57
3470.19,23.83,64.56
3471.23,23.82,64.55
3472.28,23.82,64.55
3473.32,23.82,64.54
3474.36,23.82,64.50
3475.41,23.82,64.48
3476.45,23.85,64.52
3477.49,23.82,64.47
3478.54,23.80,64.48
3479.58,23.80,64.47
3480.63,23.83,64.46
3481.67,23.80,64.46
3482.71,23.80,64.42
3483.76,23.82,64.44
3484.80,23.83,64.42
3485.84,23.79,64.42
3486.89,23.83,64.39
3487.93,23.80,64.39
3488.97,23.80,64.37
3490.02,23.80,64.38
3491.06,23.83,64.36
3492.11,23.85,64.34
3493.15,23.82,64.31
3494.19,23.85,64.30
3495.24,23.82,64.30
3496.28,23.82,64.28
3497.32,23.82,64.29
3498.37,23.80,64.29
3499.41,23.82,64.28
3500.45,23.80,64.26
3501.50,23.80,64.27
3502.54,23.80,64.26
3503.59,23.82,64.23
3504.63,23.82,64.21
3505.67,23.83,64.19
3506.72,23.80,64.19
3507.76,23.82,64.15
3508.80,23.79,64.18
3509.85,23.82,64.18
3510.89,23.80,64.14
3511.94,23.80,64.14
3512.98,23.79,64.11
3514.02,23.80,64.12
3515.07,23.79,64.10
3516.11,23.80,64.09
3517.15,23.82,64.10
3518.20,23.79,64.06
3519.24,23.83,64.05
3520.29,23.80,64.04
3521.33,23.80,64.06
3522.37,23.83,64.03
3523.42,23.82,64.02
3524.46,23.80,64.02
3525.50,23.82,64.02
3526.55,23.82,64.00
3527.59,23.80,63.98
3528.63,23.80,63.98
3529.68,23.80,63.94
3530.72,23.79,63.94
3531.77,23.82,63.96
3532.81,23.83,63.95
3533.85,23.80,63.92
3534.90,23.82,63.87
3535.94,23.80,63.89
3536.98,23.83,63.91
3538.03,23.79,63.88
3539.07,23.79,63.87
3540.11,23.80,63.86
3541.16,23.80,63.84
3542.20,23.79,63.83
3543.25,23.80,63.82
3544.29,23.80,63.80
3545.33,23.80,63.83
3546.38,23.80,63.79
3547.42,23.82,63.76
3548.46,23.80,63.78
3549.51,23.80,63.75
3550.55,23.83,63.74
3551.60,23.80,63.74
3552.64,23.79,63.75
3553.68,23.80,63.72
3554.72,23.79,63.72
3555.77,23.80,63.70
3556.81,23.80,63.64
3557.86,23.80,63.66
3558.90,23.80,63.65
3559.94,23.80,63.65
3560.99,23.80,63.65
3562.03,23.82,63.62
3563.08,23.79,63.61
3564.12,23.80,63.61
3565.16,23.79,63.60
3566.20,23.79,63.59
3567.25,23.79,63.58
3568.29,23.79,63.59
3569.34,23.80,63.58
3570.38,23.80,63.56
3571.42,23.80,63.56
3572.47,23.79,63.55
3573.51,23.79,63.48
3574.56,23.79,63.50
3575.60,23.80,63.48
3576.64,23.78,63.49
3577.69,23.79,63.49
3578.73,23.79,63.46
3579.77,23.79,63.45
3580.82,23.82,63.44
3581.86,23.82,63.43
3582.91,23.80,63.40
3583.95,23.79,63.44
3584.99,23.78,63.37
3586.04,23.80,63.37
3587.08,23.78,63.37
3588.12,23.79,63.38
3589.17,23.80,63.39
3590.21,23.82,63.36
3591.25,23.79,63.36
3592.30,23.79,63.33
3593.34,23.82,63.33
3594.39,23.79,63.31
3595.43,23.82,63.30
3596.47,23.79,63.27
3597.52,23.76,63.25
3598.56,23.80,63.29
3599.60,23.79,63.23
3600.65,23.79,63.23
3601.69,23.80,63.21
3602.73,23.80,63.21
3603.78,23.79,63.20
3604.82,23.80,63.19
3605.87,23.79,63.19
3606.91,23.78,63.15
3607.95,23.79,63.16
3609.00,23.79,63.16
3610.04,23.80,63.17
3611.08,23.78,63.13
3612.13,23.79,63.16
3613.17,23.78,63.10
3614.21,23.78,63.07
3615.26,23.78,63.11
3616.30,23.79,63.09
3617.35,23.78,63.07
3618.39,23.82,63.07
3619.43,23.80,63.02
3620.48,23.80,62.99
3621.52,23.79,63.00
3622.56,23.76,63.00
3623.61,23.79,63.00
3624.65,23.82,63.00
3625.69,23.78,62.99
3626.74,23.79,62.98
3627.78,23.79,62.99
3628.83,23.79,62.95
3629.87,23.79,62.96
3630.91,23.80,62.92
3631.96,23.80,62.93
3633.00,23.80,62.90
3634.04,23.80,62.90
3635.09,23.85,62.87
3636.13,23.83,62.87
3637.18,23.83,62.87
3638.22,23.82,62.82
3639.26,23.82,62.81
3640.31,23.83,62.82
3641.35,23.83,62.78
3642.39,23.83,62.78
3643.44,23.82,62.82
3644.48,23.83,62.77
3645.52,23.82,62.75
3646.57,23.86,62.77
3647.61,23.82,62.78
3648.66,23.85,62.70
3649.70,23.85,62.71
3650.74,23.83,62.69
3651.79,23.83,62.68
3652.83,23.85,62.67
3653.87,23.86,62.68
3654.92,23.83,62.67
3655.96,23.85,62.64
3657.01,23.85,62.61
3658.05,23.85,62.61
3659.09,23.85,62.59
3660.14,23.85,62.62
3661.18,23.85,62.59
3662.22,23.85,62.57
3663.27,23.86,62.57
3664.31,23.86,62.58
3665.35,23.85,62.52
3666.40,23.86,62.50
3667.44,23.85,62.51
3668.48,23.86,62.55
3669.53,23.85,62.48
3670.57,23.85,62.52
3671.62,23.85,62.46
3672.66,23.83,62.44
3673.70,23.83,62.45
3674.75,23.83,62.44
3675.79,23.85,62.42
3676.83,23.85,62.43
3677.88,23.85,62.41
3678.92,23.85,62.41
3679.97,23.88,62.39
3681.01,23.86,62.37
3682.05,23.83,62.36
3683.10,23.86,62.32
3684.14,23.83,62.35
3685.18,23.85,62.30
3686.23,23.83,62.31
3687.27,23.86,62.30
3688.31,23.85,62.30
3689.36,23.86,62.26
3690.40,23.85,62.27
3691.45,23.85,62.25
3692.49,23.86,62.24
3693.53,23.86,62.25
3694.58,23.85,62.23
3695.62,23.85,62.21
3696.66,23.80,62.19
3697.71,23.86,62.15
3698.75,23.86,62.17
3699.80,23.88,62.16
3700.84,23.85,62.17
3701.88,23.86,62.14
3702.93,23.86,62.12
3703.97,23.86,62.13
3705.01,23.83,62.09
3706.06,23.85,62.10
3707.10,23.85,62.09
3708.14,23.83,62.08
3709.19,23.83,62.07
3710.23,23.82,62.05
3711.28,23.85,62.05
3712.32,23.85,62.06
3713.36,23.82,62.00
3714.41,23.83,61.99
3715.45,23.82,61.98
3716.49,23.85,61.96
3717.54,23.86,61.99
3718.58,23.83,61.98
3719.62,23.85,61.96
3720.67,23.82,61.96
3721.71,23.80,61.90
3722.76,23.82,61.91
3723.80,23.82,61.89
3724.84,23.83,61.91
3725.89,23.82,61.88
3726.93,23.80,61.89
3727.97,23.82,61.88
3729.02,23.83,61.87
3730.06,23.83,61.85
3731.11,23.82,61.83
3732.15,23.82,61.81
3733.19,23.82,61.82
3734.24,23.83,61.81
3735.28,23.82,61.81
3736.32,23.80,61.81
3737.37,23.82,61.81
3738.41,23.83,61.79
3739.45,23.79,61.75
3740.50,23.83,61.74
3741.54,23.83,61.73
3742.59,23.82,61.71
3743.63,23.82,61.72
3744.67,23.79,61.69
3745.72,23.83,61.73
3746.76,23.82,61.72
3747.80,23.82,61.66
3748.85,23.80,61.67
3749.89,23.82,61.66
3750.93,23.80,61.65
3751.98,23.79,61.64
3753.02,23.79,61.63
3754.07,23.82,61.62
3755.11,23.79,61.64
3756.15,23.82,61.63
3757.20,23.80,61.62
3758.24,23.79,61.61
3759.28,23.82,61.62
3760.33,23.80,61.57
3761.37,23.79,61.57
3762.42,23.79,61.56
3763.46,23.80,61.55
3764.50,23.82,61.55
3765.55,23.79,61.52
3766.59,23.79,61.53
3767.63,23.80,61.52
3768.68,23.79,61.50
3769.72,23.80,61.52
3770.77,23.79,61.53
3771.81,23.80,61.47
3772.85,23.79,61.49
3773.90,23.79,61.44
3774.94,23.79,61.45
3775.98,23.79,61.45
3777.03,23.79,61.44
3778.07,23.80,61.44
3779.11,23.79,61.44
3780.16,23.78,61.40
3781.20,23.79,61.42
3782.25,23.79,61.41
3783.29,23.78,61.41
3784.33,23.79,61.35
3785.38,23.78,61.37
3786.42,23.79,61.37
3787.46,23.79,61.36
3788.51,23.79,61.37
3789.55,23.79,61.36
3790.59,23.78,61.31
3791.64,23.79,61.31
3792.68,23.79,61.32
3793.72,23.78,61.32
3794.77,23.76,61.32
3795.81,23.82,61.29
3796.86,23.75,61.30
3797.90,23.79,61.25
3798.94,23.79,61.30
3799.99,23.78,61.26
3801.03,23.78,61.27
3802.08,23.79,61.27
3803.12,23.78,61.22
3804.16,23.78,61.25
3805.20,23.78,61.23
3806.25,23.78,61.21
3807.29,23.76,61.24
3808.34,23.76,61.22
3809.38,23.76,61.19
3810.42,23.76,61.19
3811.47,23.75,61.19
3812.51,23.78,61.16
3813.56,23.78,61.16
3814.60,23.78,61.13
3815.64,23.75,61.13
3816.69,23.76,61.16
3817.73,23.78,61.16
3818.77,23.75,61.11
3819.82,23.75,61.15
3820.86,23.78,61.12
3821.90,23.75,61.12
3822.95,23.75,61.12
3823.99,23.75,61.10
3825.04,23.76,61.09
3826.08,23.73,61.08
3827.12,23.75,61.06
3828.17,23.75,61.05
3829.21,23.76,61.08
3830.25,23.72,61.06
3831.30,23.75,61.04
3832.34,23.73,61.07
3833.38,23.73,61.04
3834.43,23.75,61.01
3835.47,23.72,61.01
3836.52,23.75,61.06
3837.56,23.75,61.02
3838.60,23.76,61.00
3839.65,23.76,61.02
3840.69,23.75,61.02
3841.73,23.73,60.98
3842.78,23.70,60.98
3843.82,23.73,60.96
3844.87,23.73,60.96
3845.91,23.73,60.97
3846.95,23.72,60.97
3848.00,23.72,60.95
3849.04,23.73,60.91
3850.08,23.72,60.92
3851.13,23.70,60.92
3852.17,23.70,60.92
3853.21,23.70,60.92
3854.26,23.70,60.90
3855.30,23.70,60.90
3856.35,23.70,60.89
3857.39,23.70,60.89
3858.43,23.70,60.88
3859.48,23.69,60.87
3860.52,23.70,60.88
3861.56,23.72,60.87
3862.61,23.70,60.86
3863.65,23.70,60.84
3864.69,23.70,60.85
3865.74,23.69,60.84
3866.78,23.69,60.83
3867.83,23.72,60.80
3868.87,23.70,60.79
3869.91,23.70,60.79
3870.96,23.70,60.81
3872.00,23.70,60.78
3873.04,23.70,60.78
3874.09,23.69,60.77
3875.13,23.70,60.78
3876.17,23.72,60.75
3877.22,23.72,60.78
3878.26,23.68,60.75
3879.31,23.68,60.73
3880.35,23.68,60.75
3881.39,23.66,60.74
3882.44,23.66,60.76
3883.48,23.69,60.73
3884.52,23.70,60.75
3885.57,23.68,60.72
3886.61,23.69,60.71
3887.65,23.69,60.70
3888.70,23.68,60.69
3889.74,23.69,60.72
3890.79,23.66,60.65
3891.83,23.68,60.67
3892.87,23.65,60.66
3893.92,23.66,60.66
3894.96,23.65,60.66
3896.00,23.68,60.67
3897.05,23.66,60.64
3898.09,23.66,60.66
3899.14,23.66,60.63
3900.18,23.65,60.61
3901.22,23.65,60.61
3902.27,23.65,60.59
3903.31,23.68,60.64
3904.35,23.65,60.60
3905.40,23.65,60.61
3906.44,23.63,60.57
3907.48,23.63,60.58
3908.53,23.63,60.56
3909.57,23.63,60.57
3910.62,23.63,60.54
3911.66,23.65,60.54
3912.70,23.63,60.56
3913.75,23.62,60.53
3914.79,23.62,60.54
3915.83,23.62,60.56
3916.88,23.62,60.51
3917.92,23.61,60.53
3918.96,23.61,60.51
3920.01,23.61,60.51
3921.05,23.61,60.50
3922.10,23.62,60.48
3923.14,23.61,60.49
3924.18,23.62,60.47
3925.23,23.61,60.45
3926.27,23.59,60.45
3927.31,23.59,60.45
3928.36,23.58,60.46
3929.40,23.57,60.41
3930.44,23.59,60.44
3931.49,23.57,60.45
3932.53,23.57,60.43
3933.58,23.57,60.43
3934.62,23.59,60.43
3935.66,23.58,60.42
3936.71,23.58,60.40
3937.75,23.58,60.42
3938.79,23.57,60.42
3939.84,23.57,60.38
3940.88,23.57,60.40
3941.93,23.58,60.38
3942.97,23.54,60.36
3944.01,23.57,60.36
3945.06,23.57,60.33
3946.10,23.54,60.37
3947.14,23.55,60.31
3948.19,23.55,60.31
3949.23,23.58,60.33
3950.28,23.55,60.33
3951.32,23.58,60.33
3952.36,23.57,60.30
3953.41,23.58,60.29
3954.45,23.57,60.30
3955.49,23.55,60.30
3956.54,23.55,60.30
3957.58,23.55,60.29
3958.62,23.54,60.29
3959.67,23.55,60.28
3960.71,23.54,60.27
3961.76,23.57,60.27
3962.80,23.52,60.22
3963.84,23.52,60.24
3964.89,23.54,60.25
3965.93,23.51,60.25
3966.97,23.54,60.24
3968.02,23.54,60.20
3969.06,23.54,60.22
3970.11,23.51,60.22
3971.15,23.54,60.23
3972.19,23.51,60.22
3973.23,23.51,60.20
3974.28,23.52,60.20
3975.32,23.52,60.21
3976.37,23.49,60.17
3977.41,23.52,60.19
3978.45,23.51,60.18
3979.50,23.49,60.19
3980.54,23.51,60.14
3981.59,23.52,60.14
3982.63,23.51,60.16
3983.67,23.48,60.15
3984.72,23.48,60.13
3985.76,23.49,60.13
3986.80,23.52,60.14
3987.85,23.49,60.13
3988.89,23.45,60.08
3989.94,23.48,60.10
3990.98,23.49,60.11
3992.02,23.48,60.10
3993.07,23.51,60.12
3994.11,23.49,60.10
3995.15,23.51,60.06
3996.20,23.48,60.08
3997.24,23.49,60.09
3998.28,23.48,60.06
3999.33,23.51,60.05
4000.37,23.48,60.07
4001.42,23.49,60.03
4002.46,23.45,60.08
4003.50,23.47,60.03
4004.55,23.47,60.02
4005.59,23.47,59.98
4006.63,23.48,60.01
4007.68,23.48,60.02
4008.72,23.49,60.00
4009.76,23.47,59.99
4010.81,23.47,60.01
4011.85,23.45,59.98
4012.90,23.48,60.01
4013.94,23.47,59.99
4014.98,23.45,59.99
4016.03,23.44,59.97
4017.07,23.45,59.94
4018.11,23.44,59.98
4019.16,23.44,59.99
4020.20,23.42,59.94
4021.24,23.47,59.97
4022.29,23.42,59.95
4023.33,23.44,59.98
4024.38,23.44,59.92
4025.42,23.44,59.93
4026.46,23.42,59.93
4027.51,23.44,59.90
4028.55,23.44,59.91
4029.59,23.42,59.90
4030.64,23.42,59.88
4031.68,23.42,59.90
4032.72,23.44,59.90
4033.77,23.42,59.88
4034.81,23.44,59.88
4035.86,23.44,59.88
4036.90,23.42,59.88
4037.94,23.41,59.89
4038.99,23.42,59.89
4040.03,23.42,59.82
4041.07,23.42,59.84
4042.12,23.44,59.86
4043.16,23.42,59.84
4044.20,23.44,59.82
4045.25,23.41,59.81
4046.29,23.42,59.84
4047.34,23.42,59.79
4048.38,23.41,59.81
4049.42,23.42,59.82
4050.47,23.41,59.80
4051.51,23.41,59.78
4052.55,23.41,59.81
4053.60,23.42,59.80
4054.64,23.41,59.75
4055.69,23.41,59.77
4056.73,23.41,59.75
4057.77,23.41,59.77
4058.82,23.42,59.74
4059.86,23.42,59.78
4060.90,23.41,59.73
4061.95,23.41,59.76
4062.99,23.41,59.76
4064.03,23.41,59.72
4065.08,23.39,59.72
4066.12,23.42,59.70
4067.17,23.39,59.72
4068.21,23.42,59.70
4069.25,23.41,59.68
4070.30,23.39,59.71
4071.34,23.38,59.67
4072.38,23.39,59.68
4073.43,23.38,59.66
4074.47,23.39,59.68
4075.51,23.38,59.69
4076.56,23.39,59.70
4077.60,23.38,59.68
4078.65,23.37,59.62
4079.69,23.38,59.64
4080.73,23.37,59.66
4081.78,23.37,59.64
4082.82,23.35,59.63
4083.86,23.37,59.61
4084.91,23.38,59.60
4085.95,23.38,59.63
4087.00,23.37,59.62
4088.04,23.37,59.62
4089.08,23.37,59.59
4090.13,23.37,59.61
4091.17,23.37,59.58
4092.21,23.37,59.57
4093.26,23.34,59.56
4094.30,23.37,59.56
4095.34,23.37,59.55
4096.39,23.35,59.58
4097.43,23.37,59.57
4098.48,23.35,59.56
4099.52,23.35,59.56
4100.56,23.37,59.56
4101.61,23.38,59.52
4102.65,23.37,59.54
4103.69,23.38,59.55
4104.74,23.35,59.56
4105.78,23.35,59.55
4106.83,23.37,59.54
4107.87,23.37,59.51
4108.91,23.35,59.52
4109.96,23.37,59.51
4111.00,23.35,59.47
4112.04,23.37,59.47
4113.09,23.37,59.52
4114.13,23.35,59.49
4115.17,23.35,59.49
4116.22,23.34,59.47
4117.26,23.35,59.48
4118.31,23.38,59.47
4119.35,23.38,59.45
4120.39,23.35,59.44
4121.44,23.37,59.48
4122.48,23.35,59.43
4123.52,23.37,59.43
4124.57,23.37,59.44
4125.61,23.37,59.44
4126.65,23.37,59.42
4127.70,23.34,59.40
4128.74,23.37,59.40
4129.79,23.34,59.40
4130.83,23.37,59.40
4131.87,23.37,59.40
4132.92,23.35,59.39
4133.96,23.35,59.39
4135.00,23.35,59.37
4136.05,23.34,59.37
4137.09,23.35,59.34
4138.14,23.35,59.36
4139.18,23.34,59.35
4140.22,23.37,59.36
4141.27,23.34,59.37
4142.31,23.34,59.33
4143.35,23.35,59.33
4144.40,23.38,59.31
4145.44,23.34,59.31
4146.48,23.35,59.35
4147.53,23.37,59.31
4148.57,23.35,59.28
4149.62,23.35,59.31
4150.66,23.32,59.29
4151.70,23.34,59.34
4152.75,23.35,59.32
4153.79,23.34,59.30
4154.83,23.34,59.30
4155.88,23.32,59.28
4156.92,23.35,59.26
4157.97,23.32,59.27
4159.01,23.35,59.25
4160.05,23.34,59.26
4161.10,23.34,59.26
4162.14,23.32,59.24
4163.18,23.34,59.25
4164.23,23.37,59.25
4165.27,23.37,59.25
4166.31,23.34,59.24
4167.36,23.35,59.23
4168.40,23.34,59.21
4169.45,23.35,59.20
4170.49,23.34,59.21
4171.53,23.35,59.19
4172.58,23.34,59.19
4173.62,23.35,59.18
4174.66,23.34,59.19
4175.71,23.34,59.18
4176.75,23.35,59.19
4177.80,23.35,59.18
4178.84,23.32,59.17
4179.88,23.32,59.18
4180.93,23.32,59.14
4181.97,23.35,59.12
4183.01,23.35,59.18
4184.06,23.32,59.14
4185.10,23.32,59.14
4186.14,23.32,59.11
4187.19,23.31,59.14
4188.23,23.32,59.10
4189.28,23.35,59.13
4190.32,23.32,59.09
4191.36,23.32,59.09
4192.41,23.32,59.10
4193.45,23.31,59.12
4194.49,23.31,59.11
4195.54,23.32,59.10
4196.58,23.32,59.08
4197.62,23.34,59.08
4198.67,23.31,59.07
4199.71,23.32,59.06
4200.76,23.31,59.08
4201.80,23.32,59.05
4202.84,23.31,59.06
4203.89,23.31,59.04
4204.93,23.32,59.06
4205.97,23.32,59.03
4207.02,23.31,59.03
4208.06,23.31,59.00
4209.10,23.29,59.01
4210.15,23.29,59.00
4211.19,23.28,58.98
4212.24,23.29,59.02
4213.28,23.29,59.01
4214.32,23.28,59.00
4215.37,23.28,58.99
4216.41,23.28,59.00
4217.45,23.28,58.99
4218.50,23.28,58.95
4219.54,23.28,58.97
4220.58,23.28,58.97
4221.63,23.28,58.96
4222.67,23.29,59.00
4223.72,23.27,58.94
4224.76,23.28,58.93
4225.80,23.27,58.92
4226.85,23.27,58.91
4227.89,23.25,58.92
4228.93,23.27,58.90
4229.98,23.27,58.92
4231.02,23.27,58.92
4232.07,23.27,58.94
4233.11,23.27,58.90
4234.15,23.27,58.89
4235.20,23.27,58.89
4236.24,23.28,58.87
4237.28,23.28,58.88
4238.33,23.25,58.83
4239.37,23.24,58.86
4240.41,23.27,58.88
4241.46,23.27,58.86
4242.50,23.25,58.86
4243.55,23.27,58.84
4244.59,23.27,58.86
4245.63,23.25,58.84
4246.68,23.24,58.86
4247.72,23.27,58.86
4248.76,23.27,58.81
4249.81,23.25,58.81
4250.85,23.21,58.82
4251.89,23.22,58.79
4252.94,23.24,58.83
4253.98,23.22,58.80
4255.03,23.24,58.78
4256.07,23.24,58.77
4257.11,23.24,58.79
4258.16,23.24,58.74
4259.20,23.24,58.75
4260.24,23.27,58.76
4261.29,23.24,58.77
4262.33,23.27,58.75
4263.37,23.24,58.74
4264.42,23.22,58.77
4265.46,23.24,58.75
4266.51,23.24,58.77
4267.55,23.24,58.74
4268.59,23.22,58.75
4269.64,23.21,58.70
4270.68,23.21,58.72
4271.72,23.21,58.69
4272.77,23.22,58.69
4273.81,23.21,58.69
4274.85,23.20,58.70
4275.90,23.21,58.68
4276.94,23.22,58.68
4277.99,23.21,58.67
4279.03,23.20,58.70
4280.07,23.20,58.67
4281.12,23.21,58.65
4282.16,23.21,58.64
4283.20,23.20,58.66
4284.25,23.22,58.64
4285.29,23.21,58.61
4286.34,23.18,58.63
4287.38,23.18,58.65
4288.42,23.20,58.61
4289.47,23.20,58.60
4290.51,23.18,58.62
4291.55,23.20,58.61
4292.60,23.17,58.59
4293.64,23.18,58.61
4294.68,23.21,58.59
4295.73,23.20,58.60
4296.77,23.17,58.58
4297.82,23.18,58.57
4298.86,23.18,58.55
4299.90,23.17,58.56
4300.95,23.15,58.53
4301.99,23.17,58.54
4303.03,23.15,58.57
4304.08,23.15,58.53
4305.12,23.17,58.54
4306.16,23.15,58.53
4307.21,23.18,58.56
4308.25,23.14,58.52
4309.30,23.15,58.50
4310.34,23.15,58.51
4311.38,23.14,58.52
4312.43,23.15,58.50
4313.47,23.14,58.52
4314.51,23.17,58.47
4315.56,23.17,58.49
4316.60,23.15,58.48
4317.64,23.15,58.48
4318.69,23.15,58.48
4319.73,23.14,58.46
4320.78,23.17,58.48
4321.82,23.17,58.47
4322.86,23.15,58.44
4323.91,23.12,58.47
4324.95,23.12,58.47
4326.00,23.15,58.46
4327.04,23.12,58.43
4328.08,23.14,58.41
4329.12,23.15,58.42
4330.17,23.14,58.42
4331.21,23.12,58.41
4332.26,23.12,58.39
4333.30,23.12,58.39
4334.34,23.12,58.40
4335.39,23.12,58.38
4336.43,23.12,58.38
4337.47,23.11,58.38
4338.52,23.11,58.37
4339.56,23.12,58.39
4340.60,23.12,58.35
4341.65,23.12,58.34
4342.69,23.12,58.33
4343.74,23.11,58.32
4344.78,23.11,58.29
4345.82,23.11,58.38
4346.87,23.11,58.33
4347.91,23.11,58.32
4348.95,23.12,58.33
4350.00,23.12,58.33
4351.04,23.12,58.30
4352.09,23.10,58.31
4353.13,23.12,58.29
4354.17,23.11,58.29
4355.22,23.10,58.29
4356.26,23.12,58.31
4357.31,23.11,58.27
4358.35,23.10,58.27
4359.39,23.08,58.24
4360.43,23.12,58.25
4361.48,23.12,58.24
4362.52,23.10,58.25
4363.57,23.12,58.22
4364.61,23.10,58.25
4365.65,23.11,58.24
4366.70,23.11,58.22
4367.74,23.11,58.24
4368.79,23.11,58.21
4369.83,23.12,58.25
4370.87,23.11,58.21
4371.92,23.11,58.16
4372.96,23.11,58.18
4374.00,23.11,58.20
4375.05,23.11,58.22
4376.09,23.12,58.19
4377.14,23.11,58.18
4378.18,23.12,58.16
4379.22,23.11,58.20
4380.27,23.14,58.14
4381.31,23.12,58.16
4382.35,23.12,58.19
4383.40,23.11,58.13
4384.44,23.11,58.13
4385.48,23.11,58.16
4386.53,23.12,58.13
4387.57,23.12,58.11
4388.62,23.11,58.12
4389.66,23.14,58.10
4390.70,23.12,58.12
4391.75,23.08,58.10
4392.79,23.11,58.14
4393.83,23.11,58.11
4394.88,23.11,58.07
4395.92,23.10,58.13
4396.96,23.12,58.09
4398.01,23.10,58.07
4399.05,23.10,58.05
4400.10,23.11,58.02
4401.14,23.10,58.09
4402.18,23.12,58.06
4403.23,23.12,58.06
4404.27,23.11,58.06
4405.31,23.11,58.06
4406.36,23.12,58.00
4407.40,23.11,58.05
4408.44,23.11,58.04
4409.49,23.11,58.04
4410.53,23.11,58.03
4411.58,23.10,58.01
4412.62,23.10,58.00
4413.66,23.11,58.02
4414.71,23.11,58.00
4415.75,23.11,57.97
4416.79,23.10,57.99
4417.84,23.11,57.99
4418.88,23.11,57.96
4419.92,23.10,57.95
4420.97,23.12,57.99
4422.01,23.12,57.96
4423.06,23.12,57.99
4424.10,23.12,57.94
4425.14,23.10,57.95
4426.19,23.12,57.98
4427.23,23.10,57.92
4428.27,23.12,57.96
4429.32,23.12,57.95
4430.36,23.12,57.94
4431.41,23.12,57.91
4432.45,23.11,57.92
4433.49,23.11,57.94
4434.54,23.11,57.95
4435.58,23.11,57.94
4436.62,23.14,57.88
4437.67,23.11,57.91
4438.71,23.11,57.94
4439.75,23.12,57.89
4440.80,23.12,57.91
4441.84,23.14,57.88
4442.89,23.10,57.87
4443.93,23.12,57.88
4444.97,23.12,57.87
4446.02,23.12,57.86
4447.06,23.11,57.86
4448.10,23.12,57.82
4449.15,23.12,57.84
4450.19,23.10,57.82
4451.23,23.12,57.85
4452.28,23.10,57.84
4453.32,23.11,57.84
4454.37,23.14,57.82
4455.41,23.11,57.80
4456.45,23.14,57.84
4457.50,23.11,57.82
4458.54,23.11,57.81
4459.58,23.12,57.78
4460.63,23.14,57.80
4461.67,23.14,57.78
4462.71,23.12,57.79
4463.76,23.11,57.76
4464.80,23.12,57.80
4465.85,23.12,57.78
4466.89,23.12,57.79
4467.93,23.11,57.72
4468.98,23.14,57.73
4470.02,23.12,57.75
4471.06,23.12,57.77
4472.11,23.11,57.78
4473.15,23.10,57.74
4474.20,23.12,57.73
4475.24,23.11,57.73
4476.28,23.10,57.73
4477.33,23.11,57.72
4478.37,23.11,57.73
4479.41,23.11,57.71
4480.46,23.11,57.69
4481.50,23.11,57.68
4482.54,23.12,57.69
4483.59,23.11,57.66
4484.63,23.12,57.69
4485.68,23.10,57.68
4486.72,23.10,57.68
4487.76,23.12,57.68
4488.81,23.11,57.68
4489.85,23.11,57.65
4490.89,23.12,57.67
4491.94,23.12,57.67
4492.98,23.12,57.62
4494.03,23.12,57.65
4495.07,23.14,57.64
4496.11,23.15,57.67
4497.16,23.14,57.64
4498.20,23.14,57.64
4499.24,23.14,57.60
4500.29,23.14,57.62
4501.33,23.15,57.64
4502.37,23.15,57.62
4503.42,23.12,57.62
4504.46,23.12,57.62
4505.51,23.14,57.61
4506.55,23.15,57.62
4507.59,23.15,57.58
4508.64,23.15,57.62
4509.68,23.15,57.58
4510.72,23.15,57.58
4511.77,23.15,57.56
4512.81,23.17,57.56
4513.85,23.15,57.56
4514.90,23.17,57.56
4515.94,23.14,57.56
4516.99,23.14,57.54
4518.03,23.17,57.54
4519.07,23.15,57.55
4520.12,23.14,57.52
4521.16,23.15,57.54
4522.20,23.17,57.53
4523.25,23.12,57.51
4524.29,23.15,57.51
4525.34,23.14,57.48
4526.38,23.15,57.50
4527.42,23.14,57.48
4528.47,23.14,57.52
4529.51,23.15,57.49
4530.55,23.14,57.48
4531.60,23.15,57.48
4532.64,23.15,57.48
4533.68,23.14,57.47
4534.73,23.15,57.43
4535.77,23.17,57.46
4536.82,23.15,57.49
4537.86,23.15,57.45
4538.90,23.15,57.44
4539.95,23.17,57.45
4540.99,23.15,57.47
4542.03,23.17,57.46
4543.08,23.15,57.42
4544.12,23.18,57.42
4545.16,23.17,57.44
4546.21,23.15,57.42
4547.25,23.18,57.42
4548.30,23.17,57.42
4549.34,23.17,57.40
4550.38,23.17,57.40
4551.43,23.18,57.37
4552.47,23.20,57.40
4553.51,23.17,57.39
4554.56,23.18,57.40
4555.60,23.20,57.36
4556.64,23.18,57.40
4557.69,23.15,57.38
4558.73,23.20,57.35
4559.78,23.20,57.36
4560.82,23.18,57.37
4561.86,23.21,57.39
4562.91,23.20,57.36
4563.95,23.18,57.36
4565.00,23.20,57.35
4566.04,23.18,57.34
4567.08,23.20,57.33
4568.12,23.20,57.32
4569.17,23.20,57.31
4570.21,23.18,57.34
4571.26,23.18,57.33
4572.30,23.18,57.31
4573.34,23.21,57.31
4574.39,23.18,57.32
4575.43,23.18,57.30
4576.47,23.18,57.31
4577.52,23.21,57.31
4578.56,23.20,57.29
4579.61,23.20,57.31
4580.65,23.20,57.28
4581.69,23.17,57.29
4582.74,23.18,57.30
4583.78,23.17,57.23
4584.82,23.18,57.27
4585.87,23.18,57.26
4586.91,23.18,57.25
4587.95,23.18,57.25
4589.00,23.20,57.25
4590.04,23.21,57.26
4591.09,23.18,57.25
4592.13,23.20,57.26
4593.17,23.18,57.21
4594.22,23.21,57.22
4595.26,23.18,57.20
4596.30,23.20,57.21
4597.35,23.20,57.23
4598.39,23.20,57.20
4599.43,23.21,57.20
4600.48,23.18,57.22
4601.52,23.20,57.20
4602.57,23.22,57.20
4603.61,23.20,57.20
4604.65,23.18,57.18
4605.70,23.20,57.19
4606.74,23.21,57.21
4607.78,23.21,57.17
4608.83,23.20,57.17
4609.87,23.21,57.17
4610.92,23.20,57.19
4611.96,23.21,57.15
4613.00,23.20,57.16
4614.05,23.20,57.14
4615.09,23.21,57.17
4616.13,23.22,57.15
4617.18,23.20,57.16
4618.22,23.21,57.13
4619.27,23.25,57.11
4620.31,23.21,57.12
4621.35,23.21,57.14
4622.40,23.21,57.13
4623.44,23.22,57.13
4624.48,23.22,57.12
4625.53,23.22,57.11
4626.57,23.22,57.11
4627.61,23.20,57.08
4628.66,23.24,57.11
4629.70,23.22,57.06
4630.75,23.21,57.10
4631.79,23.20,57.09
4632.83,23.21,57.08
4633.88,23.22,57.10
4634.92,23.24,57.08
4635.96,23.20,57.10
4637.01,23.22,57.08
4638.05,23.24,57.07
4639.09,23.22,57.04
4640.14,23.22,57.06
4641.18,23.24,57.04
4642.23,23.21,57.03
4643.27,23.24,57.04
4644.31,23.22,57.05
4645.36,23.22,57.04
4646.40,23.24,57.04
4647.44,23.22,57.05
4648.49,23.25,57.01
4649.53,23.24,57.01
4650.57,23.24,56.99
4651.62,23.24,57.01
4652.66,23.22,57.00
4653.71,23.22,57.00
4654.75,23.24,57.02
4655.79,23.25,57.00
4656.84,23.25,57.00
4657.88,23.24,56.95
4658.92,23.25,56.95
4659.97,23.24,57.01
4661.01,23.24,56.96
4662.05,23.24,56.97
4663.10,23.25,56.93
4664.14,23.25,56.94
4665.19,23.25,56.96
4666.23,23.24,56.96
4667.27,23.25,56.95
4668.32,23.24,56.95
4669.36,23.25,56.92
4670.40,23.22,56.93
4671.45,23.24,56.95
4672.49,23.24,56.89
4673.54,23.25,56.89
4674.58,23.24,56.94
4675.62,23.28,56.92
4676.67,23.25,56.91
4677.71,23.25,56.90
4678.75,23.25,56.89
4679.80,23.25,56.88
4680.84,23.24,56.91
4681.88,23.24,56.87
4682.93,23.24,56.89
4683.97,23.27,56.88
4685.02,23.25,56.89
4686.06,23.25,56.87
4687.10,23.25,56.87
4688.15,23.27,56.87
4689.19,23.24,56.83
4690.23,23.25,56.85
4691.28,23.27,56.82
4692.32,23.25,56.85
4693.36,23.24,56.82
4694.41,23.27,56.86
4695.45,23.27,56.83
4696.50,23.24,56.83
4697.54,23.25,56.86
4698.58,23.25,56.81
4699.63,23.27,56.81
4700.67,23.25,56.80
4701.71,23.27,56.81
4702.76,23.27,56.81
4703.80,23.27,56.80
4704.85,23.27,56.77
4705.89,23.28,56.80
4706.93,23.27,56.80
4707.98,23.25,56.77
4709.02,23.27,56.76
4710.06,23.25,56.77
4711.11,23.25,56.75
4712.15,23.27,56.79
4713.19,23.27,56.75
4714.24,23.27,56.77
4715.28,23.24,56.80
4716.33,23.27,56.78
4717.37,23.27,56.74
4718.41,23.25,56.75
4719.46,23.28,56.73
4720.50,23.24,56.74
4721.54,23.25,56.72
4722.59,23.27,56.74
4723.63,23.27,56.74
4724.68,23.27,56.72
4725.72,23.27,56.70
4726.76,23.25,56.71
4727.81,23.24,56.70
4728.85,23.25,56.72
4729.89,23.27,56.69
4730.94,23.28,56.70
4731.98,23.29,56.70
4733.02,23.25,56.68
4734.07,23.27,56.68
4735.11,23.25,56.68
4736.16,23.27,56.68
4737.20,23.28,56.67
4738.24,23.27,56.69
4739.29,23.28,56.68
4740.33,23.28,56.67
4741.37,23.25,56.63
4742.42,23.28,56.65
4743.46,23.28,56.64
4744.50,23.25,56.64
4745.55,23.27,56.63
4746.59,23.27,56.62
4747.64,23.27,56.65
4748.68,23.28,56.63
4749.72,23.27,56.62
4750.77,23.27,56.60
4751.81,23.27,56.62
4752.85,23.28,56.61
4753.90,23.27,56.57
4754.94,23.28,56.60
4755.99,23.27,56.60
4757.03,23.28,56.59
4758.07,23.28,56.53
4759.12,23.27,56.58
4760.16,23.27,56.57
4761.20,23.27,56.59
4762.25,23.27,56.56
4763.29,23.27,56.54
4764.33,23.27,56.56
4765.38,23.27,56.55
4766.42,23.28,56.54
4767.47,23.29,56.53
4768.51,23.27,56.54
4769.55,23.28,56.53
4770.60,23.28,56.53
4771.64,23.27,56.53
4772.68,23.28,56.53
4773.73,23.29,56.48
4774.77,23.29,56.49
4775.82,23.28,56.51
4776.86,23.28,56.50
4777.90,23.25,56.48
4778.95,23.28,56.51
4779.99,23.29,56.48
4781.03,23.29,56.45
4782.08,23.27,56.49
4783.12,23.28,56.45
4784.16,23.27,56.46
4785.21,23.28,56.43
4786.25,23.31,56.45
4787.30,23.28,56.44
4788.34,23.29,56.44
4789.38,23.28,56.47
4790.43,23.31,56.43
4791.47,23.28,56.39
4792.51,23.28,56.42
4793.56,23.28,56.43
4794.60,23.29,56.42
4795.64,23.28,56.40
4796.69,23.29,56.40
4797.73,23.29,56.39
4798.78,23.28,56.40
4799.82,23.31,56.40
4800.86,23.29,56.39
4801.91,23.28,56.40
4802.95,23.29,56.41
4803.99,23.28,56.36
4805.04,23.31,56.36
4806.08,23.29,56.36
4807.12,23.29,56.36
4808.17,23.29,56.36
4809.21,23.29,56.35
4810.26,23.31,56.33
4811.30,23.29,56.32
4812.34,23.31,56.36
4813.39,23.29,56.34
4814.43,23.31,56.32
4815.47,23.28,56.33
4816.52,23.31,56.33
4817.56,23.29,56.32
4818.61,23.29,56.31
4819.65,23.32,56.29
4820.69,23.29,56.28
4821.74,23.32,56.31
4822.78,23.32,56.28
4823.82,23.29,56.28
4824.87,23.29,56.29
4825.91,23.31,56.29
4826.95,23.31,56.32
4828.00,23.32,56.27
4829.04,23.31,56.27
4830.09,23.32,56.28
4831.13,23.32,56.26
4832.17,23.31,56.23
4833.22,23.31,56.26
4834.26,23.29,56.26
4835.30,23.31,56.28
4836.35,23.31,56.24
4837.39,23.29,56.26
4838.43,23.31,56.25
4839.48,23.32,56.25
4840.52,23.31,56.25
4841.57,23.29,56.22
4842.61,23.29,56.22
4843.65,23.29,56.21
4844.70,23.31,56.23
4845.74,23.29,56.22
4846.78,23.29,56.20
4847.83,23.29,56.23
4848.87,23.32,56.20
4849.91,23.32,56.21
4850.96,23.31,56.19
4852.00,23.31,56.20
4853.05,23.29,56.19
4854.09,23.29,56.19
4855.13,23.29,56.18
4856.18,23.29,56.17
4857.22,23.31,56.19
4858.26,23.32,56.21
4859.31,23.31,56.17
4860.35,23.31,56.19
4861.39,23.32,56.17
4862.44,23.32,56.15
4863.48,23.29,56.16
4864.53,23.31,56.16
4865.57,23.29,56.18
4866.61,23.32,56.14
4867.66,23.31,56.15
4868.70,23.31,56.13
4869.74,23.31,56.12
4870.79,23.31,56.12
4871.83,23.31,56.13
4872.88,23.32,56.13
4873.92,23.31,56.13
4874.96,23.32,56.13
4876.01,23.31,56.12
4877.05,23.34,56.12
4878.09,23.32,56.11
4879.14,23.31,56.10
4880.18,23.32,56.10
4881.22,23.31,56.10
4882.27,23.31,56.11
4883.31,23.29,56.11
4884.36,23.31,56.10
4885.40,23.32,56.11
4886.44,23.31,56.07
4887.49,23.32,56.09
4888.53,23.31,56.09
4889.57,23.31,56.08
4890.62,23.31,56.07
4891.66,23.32,56.06
4892.70,23.34,56.06
4893.75,23.31,56.07
4894.79,23.29,56.06
4895.84,23.29,56.10
4896.88,23.31,56.03
4897.92,23.32,56.04
4898.97,23.32,56.06
4900.01,23.31,56.03
4901.05,23.31,56.06
4902.10,23.32,56.04
4903.14,23.31,56.06
4904.18,23.32,56.01
4905.23,23.31,56.07
4906.27,23.29,56.03
4907.32,23.32,56.01
4908.36,23.29,56.03
4909.40,23.32,56.02
4910.45,23.32,56.04
4911.49,23.32,55.99
4912.53,23.31,56.00
4913.58,23.32,56.04
4914.62,23.31,56.00
4915.66,23.31,56.02
4916.71,23.34,56.01
4917.75,23.31,56.03
4918.80,23.32,55.99
4919.84,23.34,56.01
4920.88,23.31,56.02
4921.93,23.29,55.98
4922.97,23.32,56.01
4924.02,23.31,55.99
4925.06,23.31,56.00
4926.10,23.31,55.98
4927.14,23.32,56.01
4928.19,23.34,55.97
4929.23,23.28,55.96
4930.28,23.32,56.00
4931.32,23.32,55.99
4932.36,23.32,55.98
4933.41,23.29,55.95
4934.45,23.34,55.94
4935.50,23.34,55.94
4936.54,23.31,55.96
4937.58,23.31,55.97
4938.63,23.32,55.96
4939.67,23.32,55.94
4940.71,23.29,55.97
4941.76,23.31,55.96
4942.80,23.32,55.94
4943.84,23.31,55.90
4944.89,23.29,55.94
4945.93,23.32,55.94
4946.97,23.31,55.94
4948.02,23.32,55.94
4949.06,23.32,55.95
4950.11,23.34,55.93
4951.15,23.32,55.90
4952.19,23.29,55.96
4953.24,23.32,55.95
4954.28,23.31,55.91
4955.33,23.34,55.94
4956.37,23.34,55.91
4957.41,23.31,55.94
4958.45,23.32,55.93
4959.50,23.31,55.90
4960.54,23.32,55.94
4961.59,23.32,55.90
4962.63,23.32,55.90
4963.67,23.29,55.92
4964.72,23.31,55.89
4965.76,23.32,55.89
4966.81,23.32,55.88
4967.85,23.34,55.90
4968.89,23.32,55.89
4969.94,23.34,55.92
4970.98,23.31,55.92
4972.02,23.32,55.85
4973.07,23.32,55.92
4974.11,23.34,55.88
4975.16,23.32,55.87
4976.20,23.34,55.90
4977.24,23.34,55.87
4978.29,23.34,55.86
4979.33,23.32,55.88
4980.37,23.35,55.90
4981.42,23.34,55.88
4982.46,23.34,55.87
4983.50,23.32,55.91
4984.55,23.34,55.89
4985.59,23.34,55.90
4986.64,23.31,55.90
4987.68,23.34,55.86
4988.72,23.32,55.87
4989.77,23.34,55.86
4990.81,23.34,55.86
4991.85,23.32,55.85
4992.90,23.32,55.85
4993.94,23.34,55.84
4994.98,23.32,55.84
4996.03,23.32,55.85
4997.07,23.32,55.85
4998.12,23.31,55.85
4999.16,23.32,55.85
5000.20,23.31,55.83
5001.25,23.32,55.84
5002.29,23.32,55.83
5003.33,23.32,55.81
5004.38,23.34,55.82
5005.42,23.31,55.85
5006.47,23.31,55.86
5007.51,23.32,55.82
5008.55,23.34,55.83
5009.60,23.32,55.84
5010.64,23.37,55.83
5011.68,23.34,55.84
5012.73,23.34,55.82
5013.77,23.34,55.83
5014.81,23.32,55.84
5015.86,23.35,55.81
5016.90,23.32,55.80
5017.95,23.32,55.82
5018.99,23.32,55.83
5020.03,23.32,55.81
5021.08,23.31,55.82
5022.12,23.32,55.80
5023.16,23.31,55.79
5024.21,23.32,55.78
5025.25,23.29,55.81
5026.29,23.35,55.82
5027.34,23.31,55.84
5028.38,23.34,55.79
5029.43,23.32,55.79
5030.47,23.34,55.79
5031.51,23.35,55.82
5032.56,23.34,55.81
5033.60,23.32,55.81
5034.64,23.34,55.79
5035.69,23.32,55.77
5036.73,23.34,55.78
5037.77,23.34,55.79
5038.82,23.34,55.76
5039.86,23.35,55.79
5040.91,23.35,55.79
5041.95,23.32,55.79
5042.99,23.32,55.80
5044.04,23.34,55.79
5045.08,23.34,55.76
5046.12,23.34,55.79
5047.17,23.32,55.78
5048.21,23.35,55.79
5049.25,23.32,55.78
5050.30,23.34,55.79
5051.34,23.34,55.78
5052.39,23.31,55.79
5053.43,23.32,55.77
5054.47,23.32,55.79
5055.52,23.34,55.79
5056.56,23.35,55.77
5057.60,23.32,55.79
5058.65,23.34,55.76
5059.69,23.31,55.77
5060.74,23.32,55.79
5061.78,23.35,55.75
5062.82,23.34,55.79
5063.87,23.34,55.77
5064.91,23.34,55.75
5065.95,23.34,55.74
5067.00,23.34,55.74
5068.04,23.35,55.76
5069.08,23.32,55.74
5070.13,23.31,55.76
5071.17,23.37,55.79
5072.22,23.31,55.75
5073.26,23.34,55.75
5074.30,23.32,55.75
5075.35,23.31,55.76
5076.39,23.32,55.77
5077.43,23.34,55.76
5078.48,23.34,55.76
5079.52,23.34,55.74
5080.57,23.34,55.75
5081.61,23.34,55.72
5082.65,23.35,55.78
5083.70,23.34,55.76
5084.74,23.34,55.76
5085.78,23.35,55.75
5086.83,23.32,55.77
5087.87,23.35,55.76
5088.91,23.34,55.78
5089.96,23.34,55.77
5091.00,23.37,55.76
5092.05,23.35,55.76
5093.09,23.37,55.77
5094.13,23.34,55.76
5095.18,23.35,55.74
5096.22,23.34,55.73
5097.26,23.37,55.75
5098.31,23.35,55.75
5099.35,23.34,55.71
5100.39,23.35,55.75
5101.44,23.34,55.75
5102.48,23.34,55.76
5103.53,23.34,55.73
5104.57,23.32,55.77
5105.61,23.32,55.76
5106.66,23.32,55.73
5107.70,23.31,55.76
5108.74,23.32,55.78
5109.79,23.34,55.76
5110.83,23.34,55.73
5111.87,23.35,55.73
5112.92,23.34,55.77
5113.96,23.37,55.70
5115.01,23.34,55.72
5116.05,23.34,55.75
5117.09,23.35,55.72
5118.14,23.32,55.76
5119.18,23.32,55.75
5120.22,23.34,55.72
5121.27,23.34,55.74
5122.31,23.31,55.72
5123.36,23.34,55.72
5124.40,23.32,55.76
5125.44,23.37,55.73
5126.49,23.34,55.74
5127.53,23.32,55.72
5128.57,23.32,55.73
5129.62,23.34,55.73
5130.66,23.32,55.72
5131.70,23.37,55.72
5132.75,23.32,55.72
5133.79,23.34,55.72
5134.84,23.35,55.76
5135.88,23.34,55.71
5136.92,23.32,55.72
5137.97,23.32,55.71
5139.01,23.34,55.73
5140.05,23.34,55.72
5141.10,23.35,55.73
5142.14,23.34,55.74
5143.18,23.35,55.72
5144.23,23.32,55.71
5145.27,23.37,55.72
5146.32,23.34,55.69
5147.36,23.34,55.74
5148.40,23.34,55.70
5149.45,23.34,55.70
5150.49,23.32,55.71
5151.54,23.34,55.69
5152.58,23.34,55.69
5153.62,23.34,55.69
5154.66,23.34,55.73
5155.71,23.35,55.75
5156.75,23.34,55.71
5157.80,23.34,55.69
5158.84,23.34,55.71
5159.88,23.34,55.73
5160.93,23.35,55.67
5161.97,23.37,55.72
5163.02,23.35,55.70
5164.06,23.35,55.70
5165.10,23.35,55.72
5166.15,23.35,55.72
5167.19,23.34,55.71
5168.23,23.35,55.73
5169.28,23.34,55.70
5170.32,23.34,55.71
5171.36,23.37,55.73
5172.41,23.37,55.72
5173.45,23.34,55.70
5174.50,23.35,55.71
5175.54,23.35,55.70
5176.58,23.35,55.74
5177.63,23.37,55.69
5178.67,23.35,55.70
5179.71,23.35,55.71
5180.76,23.35,55.70
5181.80,23.35,55.73
5182.84,23.34,55.71
5183.89,23.35,55.73
5184.93,23.34,55.72
5185.97,23.37,55.71
5187.02,23.35,55.72
5188.06,23.35,55.71
5189.11,23.35,55.68
5190.15,23.35,55.74
5191.19,23.35,55.72
5192.24,23.34,55.72
5193.28,23.32,55.73
5194.32,23.39,55.68
5195.37,23.32,55.71
5196.41,23.34,55.72
5197.46,23.34,55.69
5198.50,23.35,55.71
5199.54,23.37,55.70
5200.59,23.37,55.72
5201.63,23.37,55.70
5202.67,23.34,55.73
5203.72,23.37,55.73
5204.76,23.35,55.74
5205.81,23.35,55.72
5206.85,23.37,55.74
5207.89,23.35,55.72
5208.94,23.34,55.74
5209.98,23.35,55.70
5211.02,23.35,55.74
5212.07,23.37,55.71
5213.11,23.35,55.73
5214.15,23.34,55.69
5215.20,23.37,55.73
5216.24,23.37,55.73
5217.29,23.34,55.72
5218.33,23.34,55.71
5219.37,23.35,55.72
5220.42,23.35,55.72
5221.46,23.34,55.75
5222.50,23.32,55.77
5223.55,23.34,55.73
5224.59,23.37,55.75
5225.63,23.32,55.77
5226.68,23.35,55.73
5227.72,23.35,55.75
5228.77,23.32,55.75
5229.81,23.32,55.78
5230.85,23.34,55.76
5231.90,23.34,55.74
5232.94,23.35,55.72
5233.98,23.34,55.77
5235.03,23.37,55.74
5236.07,23.34,55.74
5237.12,23.35,55.73
5238.16,23.34,55.78
5239.20,23.34,55.75
5240.25,23.34,55.76
5241.29,23.34,55.74
5242.33,23.34,55.76
5243.38,23.35,55.74
5244.42,23.37,55.75
5245.46,23.35,55.78
5246.51,23.35,55.78
5247.55,23.35,55.77
5248.60,23.34,55.76
5249.64,23.34,55.76
5250.68,23.37,55.80
5251.73,23.34,55.76
5252.77,23.37,55.77
5253.81,23.35,55.75
5254.86,23.35,55.79
5255.90,23.37,55.78
5256.94,23.37,55.76
5257.99,23.34,55.80
5259.03,23.37,55.78
5260.08,23.34,55.79
5261.12,23.37,55.76
5262.16,23.37,55.78
5263.21,23.35,55.79
5264.25,23.37,55.79
5265.29,23.35,55.81
5266.34,23.38,55.81
5267.38,23.37,55.81
5268.43,23.35,55.83
5269.47,23.35,55.82
5270.51,23.34,55.79
5271.56,23.35,55.82
5272.60,23.35,55.81
5273.64,23.37,55.81
5274.69,23.37,55.76
5275.73,23.35,55.79
5276.77,23.37,55.79
5277.82,23.41,55.80
5278.86,23.35,55.83
5279.91,23.37,55.81
5280.95,23.37,55.82
5281.99,23.35,55.83
5283.04,23.35,55.82
5284.08,23.35,55.83
5285.12,23.38,55.82
5286.17,23.37,55.84
5287.21,23.35,55.81
5288.26,23.37,55.82
5289.30,23.38,55.85
5290.34,23.38,55.82
5291.39,23.37,55.85
5292.43,23.37,55.82
5293.47,23.38,55.85
5294.52,23.37,55.81
5295.56,23.38,55.81
5296.60,23.38,55.84
5297.65,23.41,55.86
5298.69,23.38,55.85
5299.74,23.38,55.80
5300.78,23.38,55.86
5301.82,23.38,55.86
5302.87,23.39,55.84
5303.91,23.38,55.87
5304.95,23.37,55.81
5306.00,23.37,55.85
5307.04,23.38,55.84
5308.09,23.38,55.83
5309.13,23.38,55.85
5310.17,23.39,55.84
5311.22,23.38,55.85
5312.26,23.37,55.87
5313.30,23.37,55.90
5314.35,23.37,55.86
5315.39,23.37,55.86
5316.43,23.37,55.87
5317.48,23.38,55.89
5318.52,23.38,55.86
5319.57,23.39,55.88
5320.61,23.37,55.87
5321.65,23.38,55.85
5322.70,23.38,55.86
5323.74,23.38,55.87
5324.78,23.38,55.87
5325.83,23.41,55.89
5326.87,23.39,55.88
5327.91,23.41,55.89
5328.96,23.38,55.86
5330.00,23.37,55.87
5331.05,23.39,55.85
5332.09,23.39,55.89
5333.13,23.39,55.85
5334.18,23.39,55.89
5335.22,23.39,55.86
5336.26,23.39,55.89
5337.31,23.41,55.87
5338.35,23.42,55.85
5339.39,23.42,55.86
5340.44,23.41,55.87
5341.48,23.42,55.88
5342.53,23.41,55.89
5343.57,23.41,55.87
5344.61,23.41,55.89
5345.66,23.41,55.90
5346.70,23.41,55.87
5347.74,23.39,55.88
5348.79,23.41,55.87
5349.83,23.41,55.89
5350.88,23.39,55.90
5351.92,23.42,55.86
5352.96,23.41,55.89
5354.01,23.39,55.88
5355.05,23.42,55.88
5356.09,23.39,55.88
5357.14,23.41,55.87
5358.18,23.41,55.88
5359.22,23.39,55.90
5360.27,23.41,55.89
5361.31,23.41,55.90
5362.36,23.41,55.90
5363.40,23.42,55.91
5364.44,23.39,55.93
5365.49,23.39,55.92
5366.53,23.39,55.92
5367.57,23.38,55.93
5368.62,23.39,55.89
5369.66,23.39,55.90
5370.70,23.42,55.89
5371.75,23.41,55.92
5372.79,23.38,55.91
5373.84,23.38,55.90
5374.88,23.38,55.91
5375.92,23.38,55.89
5376.97,23.39,55.89
5378.01,23.41,55.93
5379.05,23.42,55.89
5380.10,23.39,55.89
5381.14,23.38,55.88
5382.18,23.39,55.89
5383.23,23.39,55.90
5384.27,23.38,55.91
5385.32,23.37,55.90
5386.36,23.37,55.91
5387.40,23.37,55.92
5388.45,23.37,55.91
5389.49,23.37,55.94
5390.53,23.37,55.92
5391.58,23.38,55.90
5392.62,23.39,55.89
5393.67,23.41,55.89
5394.71,23.39,55.90
5395.75,23.38,55.91
5396.80,23.38,55.90
5397.84,23.38,55.89
5398.88,23.37,55.92
5399.93,23.39,55.94
5400.97,23.39,55.91
5402.01,23.34,55.90
5403.06,23.37,55.93
5404.10,23.37,55.92
5405.15,23.37,55.92
5406.19,23.38,55.90
5407.23,23.35,55.89
5408.28,23.37,55.93
5409.32,23.37,55.90
5410.36,23.35,55.91
5411.41,23.32,55.92
5412.45,23.37,55.91
5413.50,23.35,55.91
5414.54,23.32,55.92
5415.58,23.37,55.90
5416.63,23.34,55.93
5417.67,23.37,55.90
5418.71,23.35,55.92
5419.76,23.35,55.93
5420.80,23.35,55.93
5421.84,23.34,55.94
5422.89,23.35,55.93
5423.93,23.35,55.93
5424.97,23.35,55.92
5426.02,23.34,55.91
5427.06,23.37,55.90
5428.11,23.34,55.90
5429.15,23.35,55.92
5430.19,23.32,55.91
5431.24,23.35,55.92
5432.28,23.34,55.94
5433.32,23.35,55.91
5434.37,23.34,55.93
5435.41,23.34,55.93
5436.45,23.35,55.88
5437.50,23.37,55.89
5438.54,23.34,55.94
5439.59,23.35,55.90
5440.63,23.35,55.94
5441.67,23.32,55.92
5442.72,23.35,55.91
5443.76,23.35,55.90
5444.81,23.37,55.89
5445.85,23.35,55.92
5446.89,23.34,55.92
5447.94,23.37,55.89
5448.98,23.35,55.90
5450.02,23.37,55.92
5451.07,23.35,55.92
5452.11,23.32,55.92
5453.15,23.35,55.92
5454.20,23.35,55.89
5455.24,23.35,55.90
5456.29,23.34,55.91
5457.33,23.35,55.90
5458.37,23.34,55.91
5459.42,23.34,55.90
5460.46,23.32,55.92
5461.50,23.32,55.88
5462.55,23.34,55.91
5463.59,23.32,55.93
5464.64,23.29,55.91
5465.68,23.32,55.90
5466.72,23.32,55.92
5467.77,23.32,55.88
5468.81,23.34,55.89
5469.85,23.34,55.90
5470.90,23.32,55.88
5471.94,23.32,55.90
5472.98,23.34,55.88
5474.03,23.34,55.92
5475.07,23.34,55.87
5476.12,23.32,55.90
5477.16,23.32,55.88
5478.20,23.31,55.88
5479.25,23.32,55.87
5480.29,23.29,55.87
5481.33,23.32,55.88
5482.38,23.32,55.88
5483.42,23.32,55.88
5484.47,23.31,55.84
5485.51,23.29,55.88
5486.55,23.32,55.85
5487.60,23.29,55.87
5488.64,23.32,55.85
5489.68,23.29,55.88
5490.73,23.29,55.85
5491.77,23.31,55.86
5492.81,23.28,55.86
5493.86,23.31,55.87
5494.90,23.31,55.87
5495.95,23.31,55.86
5496.99,23.29,55.84
5498.03,23.28,55.85
5499.08,23.28,55.85
5500.12,23.31,55.86
5501.16,23.27,55.86
5502.21,23.29,55.80
5503.25,23.31,55.82
5504.29,23.31,55.82
5505.34,23.29,55.82
5506.38,23.28,55.82
5507.43,23.28,55.85
5508.47,23.29,55.79
5509.51,23.27,55.82
5510.56,23.27,55.81
5511.60,23.28,55.80
5512.64,23.28,55.80
5513.69,23.27,55.83
5514.73,23.27,55.80
5515.77,23.27,55.79
5516.82,23.27,55.80
5517.86,23.28,55.79
5518.91,23.27,55.78
5519.95,23.25,55.78
5520.99,23.27,55.80
5522.04,23.27,55.78
5523.08,23.27,55.79
5524.12,23.29,55.80
5525.17,23.29,55.78
5526.21,23.27,55.79
5527.26,23.27,55.77
5528.30,23.27,55.78
5529.34,23.27,55.75
5530.39,23.28,55.77
5531.43,23.27,55.78
5532.47,23.25,55.76
5533.52,23.27,55.75
5534.56,23.25,55.75
5535.60,23.24,55.73
5536.65,23.24,55.75
5537.69,23.25,55.77
5538.74,23.24,55.74
5539.78,23.25,55.74
5540.82,23.25,55.73
5541.87,23.22,55.73
5542.91,23.27,55.74
5543.95,23.22,55.74
5545.00,23.21,55.69
5546.04,23.24,55.71
5547.08,23.24,55.72
5548.13,23.21,55.70
5549.17,23.24,55.72
5550.22,23.24,55.70
5551.26,23.22,55.70
5552.30,23.21,55.69
5553.35,23.22,55.68
5554.39,23.22,55.69
5555.43,23.22,55.69
5556.48,23.21,55.67
5557.52,23.24,55.70
5558.56,23.22,55.68
5559.61,23.21,55.67
5560.65,23.20,55.66
5561.70,23.21,55.67
5562.74,23.21,55.66
5563.78,23.21,55.66
5564.83,23.21,55.66
5565.87,23.22,55.68
5566.91,23.20,55.65
5567.96,23.20,55.67
5569.00,23.24,55.66
5570.04,23.18,55.63
5571.09,23.18,55.63
5572.13,23.20,55.62
5573.18,23.21,55.63
5574.22,23.17,55.61
5575.26,23.18,55.59
5576.31,23.18,55.61
5577.35,23.20,55.59
5578.39,23.20,55.60
5579.44,23.18,55.59
5580.48,23.17,55.59
5581.53,23.17,55.58
5582.57,23.17,55.57
5583.61,23.15,55.58
5584.66,23.17,55.56
5585.70,23.15,55.60
5586.74,23.18,55.56
5587.79,23.18,55.54
5588.83,23.14,55.54
5589.87,23.15,55.54
5590.92,23.15,55.56
5591.96,23.14,55.53
5593.01,23.15,55.51
5594.05,23.14,55.52
5595.09,23.15,55.54
5596.14,23.14,55.54
5597.18,23.14,55.52
5598.22,23.12,55.52
5599.27,23.14,55.50
5600.31,23.15,55.51
5601.36,23.14,55.53
5602.40,23.15,55.52
5603.44,23.14,55.47
5604.49,23.12,55.49
5605.53,23.12,55.49
5606.57,23.14,55.49
5607.62,23.12,55.47
5608.66,23.12,55.48
5609.70,23.11,55.49
5610.75,23.14,55.49
5611.79,23.11,55.49
5612.84,23.12,55.49
5613.88,23.11,55.44
5614.92,23.12,55.47
5615.97,23.12,55.43
5617.01,23.11,55.47
5618.05,23.12,55.44
5619.10,23.07,55.46
5620.14,23.12,55.45
5621.18,23.10,55.43
5622.23,23.10,55.43
5623.27,23.07,55.44
5624.32,23.11,55.42
5625.36,23.08,55.43
5626.40,23.08,55.44
5627.45,23.10,55.42
5628.49,23.08,55.39
5629.53,23.08,55.40
5630.58,23.10,55.38
5631.62,23.10,55.39
5632.66,23.10,55.43
5633.71,23.07,55.40
5634.75,23.07,55.39
5635.80,23.07,55.38
5636.84,23.07,55.39
5637.88,23.07,55.39
5638.93,23.08,55.35
5639.97,23.07,55.35
5641.01,23.07,55.35
5642.06,23.07,55.38
5643.10,23.07,55.35
5644.15,23.07,55.32
5645.19,23.08,55.35
5646.23,23.08,55.33
5647.28,23.04,55.35
5648.32,23.04,55.35
5649.36,23.06,55.33
5650.41,23.04,55.35
5651.45,23.07,55.35
5652.50,23.06,55.34
5653.54,23.04,55.31
5654.58,23.04,55.33
5655.63,23.04,55.33
5656.67,23.04,55.32
5657.71,23.06,55.29
5658.76,23.06,55.31
5659.80,23.06,55.30
5660.84,23.06,55.32
5661.89,23.06,55.32
5662.93,23.04,55.28
5663.97,23.04,55.30
5665.02,23.03,55.31
5666.06,23.01,55.29
5667.11,23.04,55.25
5668.15,23.04,55.26
5669.19,23.03,55.28
5670.24,23.04,55.27
5671.28,23.01,55.25
5672.32,23.04,55.26
5673.37,23.01,55.23
5674.41,23.03,55.26
5675.45,23.03,55.25
5676.50,23.01,55.24
5677.54,23.01,55.22
5678.59,23.01,55.22
5679.63,23.00,55.22
5680.67,23.04,55.23
5681.72,23.01,55.23
5682.76,23.00,55.20
5683.81,23.01,55.24
5684.85,23.01,55.24
5685.89,23.01,55.17
5686.93,23.01,55.24
5687.98,22.97,55.23
5689.02,23.00,55.18
5690.07,22.98,55.18
5691.11,22.98,55.24
5692.15,22.98,55.19
5693.20,23.00,55.20
5694.24,22.98,55.19
5695.29,23.00,55.19
5696.33,22.98,55.16
5697.37,22.97,55.18
5698.41,22.98,55.20
5699.46,23.00,55.20
5700.50,23.00,55.15
5701.55,22.97,55.17
5702.59,23.00,55.16
5703.63,22.96,55.17
5704.68,22.98,55.15
5705.72,22.97,55.17
5706.77,22.96,55.16
5707.81,22.97,55.15
5708.85,22.96,55.17
5709.90,22.96,55.14
5710.94,22.96,55.14
5711.98,22.94,55.16
5713.03,22.96,55.14
5714.07,22.96,55.13
5715.12,22.96,55.14
5716.16,22.96,55.13
5717.20,22.97,55.13
5718.25,22.94,55.14
5719.29,22.94,55.10
5720.33,22.94,55.11
5721.38,22.94,55.13
5722.42,22.96,55.13
5723.46,22.91,55.10
5724.51,22.91,55.13
5725.55,22.94,55.13
5726.60,22.94,55.10
5727.64,22.94,55.08
5728.68,22.93,55.08
5729.73,22.93,55.09
5730.77,22.96,55.06
5731.81,22.93,55.09
5732.86,22.94,55.09
5733.90,22.93,55.08
5734.94,22.93,55.07
5735.99,22.93,55.08
5737.03,22.94,55.05
5738.08,22.93,55.07
5739.12,22.93,55.07
5740.16,22.91,55.04
5741.21,22.90,55.06
5742.25,22.89,55.07
5743.29,22.91,55.07
5744.34,22.89,55.04
5745.38,22.91,55.04
5746.42,22.91,55.04
5747.47,22.93,55.02
5748.51,22.89,55.05
5749.56,22.91,55.03
5750.60,22.91,55.03
5751.64,22.91,55.03
5752.69,22.91,55.03
5753.73,22.90,55.00
5754.77,22.90,54.98
5755.82,22.90,55.02
5756.86,22.90,54.99
5757.90,22.90,55.02
5758.95,22.89,55.00
5759.99,22.90,55.02
5761.04,22.89,55.00
5762.08,22.91,55.01
5763.12,22.89,55.00
5764.17,22.90,54.98
5765.21,22.90,54.97
5766.25,22.89,55.00
5767.30,22.90,54.94
5768.34,22.91,54.98
5769.38,22.90,54.97
5770.43,22.90,54.96
5771.47,22.91,54.94
5772.52,22.90,54.92
5773.56,22.90,54.96
5774.60,22.91,54.93
5775.65,22.87,54.96
5776.69,22.87,54.94
5777.73,22.89,54.93
5778.78,22.87,54.94
5779.82,22.86,54.89
5780.87,22.86,54.94
5781.91,22.86,54.92
5782.95,22.86,54.90
5784.00,22.87,54.92
5785.04,22.87,54.92
5786.08,22.89,54.89
5787.13,22.86,54.93
5788.17,22.84,54.85
5789.21,22.86,54.89
5790.26,22.84,54.93
5791.30,22.84,54.92
5792.35,22.87,54.90
5793.39,22.84,54.90
5794.43,22.86,54.91
5795.48,22.86,54.89
5796.52,22.84,54.88
5797.56,22.84,54.89
5798.61,22.83,54.88
5799.65,22.86,54.85
5800.69,22.87,54.86
5801.74,22.87,54.86
5802.78,22.84,54.87
5803.83,22.87,54.86
5804.87,22.86,54.87
5805.91,22.86,54.87
5806.96,22.84,54.87
5808.00,22.83,54.84
5809.04,22.83,54.84
5810.09,22.84,54.85
5811.13,22.86,54.84
5812.17,22.84,54.85
5813.22,22.86,54.79
5814.26,22.86,54.83
5815.31,22.84,54.83
5816.35,22.86,54.80
5817.39,22.83,54.80
5818.44,22.83,54.80
5819.48,22.83,54.82
5820.52,22.83,54.82
5821.57,22.84,54.80
5822.61,22.81,54.80
5823.66,22.83,54.79
5824.70,22.84,54.78
5825.74,22.84,54.82
5826.79,22.84,54.77
5827.83,22.84,54.79
5828.87,22.84,54.77
5829.92,22.83,54.76
5830.96,22.84,54.75
5832.00,22.83,54.77
5833.05,22.83,54.74
5834.09,22.81,54.74
5835.14,22.84,54.74
5836.18,22.83,54.72
5837.22,22.83,54.77
5838.27,22.81,54.75
5839.31,22.84,54.73
5840.35,22.84,54.71
5841.40,22.81,54.72
5842.44,22.83,54.70
5843.49,22.84,54.72
5844.53,22.83,54.72
5845.57,22.86,54.72
5846.62,22.81,54.71
5847.66,22.84,54.71
5848.70,22.81,54.74
5849.75,22.81,54.67
5850.79,22.81,54.71
5851.83,22.83,54.69
5852.88,22.80,54.71
5853.92,22.84,54.71
5854.97,22.80,54.70
5856.01,22.80,54.69
5857.05,22.81,54.71
5858.10,22.83,54.69
5859.14,22.83,54.68
5860.18,22.77,54.68
5861.23,22.83,54.67
5862.27,22.80,54.68
5863.31,22.80,54.67
5864.36,22.80,54.68
5865.40,22.81,54.64
5866.45,22.79,54.62
5867.49,22.79,54.66
5868.53,22.80,54.63
5869.58,22.81,54.62
5870.62,22.80,54.65
5871.66,22.79,54.63
5872.71,22.77,54.65
5873.75,22.79,54.62
5874.80,22.80,54.66
5875.84,22.79,54.64
5876.88,22.79,54.66
5877.93,22.80,54.62
5878.97,22.77,54.62
5880.01,22.77,54.60
5881.06,22.79,54.62
5882.10,22.79,54.59
5883.14,22.79,54.58
5884.19,22.77,54.61
5885.23,22.79,54.60
5886.28,22.77,54.58
5887.32,22.80,54.59
5888.36,22.79,54.57
5889.41,22.79,54.58
5890.45,22.77,54.55
5891.49,22.81,54.59
5892.54,22.79,54.56
5893.58,22.74,54.55
5894.63,22.79,54.59
5895.67,22.76,54.58
5896.71,22.77,54.56
5897.76,22.76,54.54
5898.80,22.74,54.55
5899.84,22.74,54.54
5900.89,22.76,54.53
5901.93,22.76,54.56
5902.97,22.76,54.52
5904.02,22.74,54.54
5905.06,22.73,54.55
5906.11,22.73,54.52
5907.15,22.74,54.52
5908.19,22.76,54.53
5909.24,22.76,54.55
5910.28,22.73,54.52
5911.32,22.74,54.53
5912.37,22.73,54.51
5913.41,22.77,54.51
5914.45,22.76,54.50
5915.50,22.74,54.49
5916.54,22.74,54.49
5917.59,22.73,54.51
5918.63,22.73,54.48
5919.67,22.74,54.48
5920.72,22.71,54.45
5921.76,22.74,54.48
5922.80,22.71,54.47
5923.85,22.74,54.49
5924.89,22.73,54.44
5925.93,22.71,54.43
5926.98,22.74,54.45
5928.02,22.73,54.45
5929.07,22.76,54.43
5930.11,22.71,54.47
5931.15,22.73,54.44
5932.20,22.71,54.44
5933.24,22.73,54.44
5934.28,22.70,54.44
5935.33,22.73,54.44
5936.37,22.71,54.43
5937.41,22.71,54.42
5938.46,22.71,54.43
5939.50,22.73,54.44
5940.55,22.73,54.40
5941.59,22.71,54.41
5942.63,22.71,54.42
5943.68,22.70,54.43
5944.72,22.69,54.37
5945.76,22.70,54.41
5946.81,22.73,54.40
5947.85,22.71,54.36
5948.90,22.71,54.38
5949.94,22.71,54.37
5950.98,22.70,54.38
5952.03,22.71,54.37
5953.07,22.73,54.36
5954.11,22.70,54.39
5955.16,22.71,54.37
5956.20,22.71,54.35
5957.24,22.71,54.37
5958.29,22.70,54.34
5959.33,22.73,54.34
5960.38,22.71,54.35
5961.42,22.73,54.36
5962.46,22.73,54.36
5963.51,22.70,54.33
5964.55,22.73,54.34
5965.59,22.73,54.34
5966.64,22.71,54.36
5967.68,22.70,54.33
5968.72,22.69,54.31
5969.77,22.71,54.32
5970.81,22.69,54.33
5971.86,22.73,54.33
5972.90,22.70,54.32
5973.94,22.71,54.34
5974.99,22.69,54.31
5976.03,22.73,54.28
5977.07,22.70,54.29
5978.12,22.70,54.31
5979.16,22.71,54.34
5980.20,22.71,54.28
5981.25,22.71,54.29
5982.29,22.71,54.30
5983.34,22.70,54.30
5984.38,22.71,54.30
5985.42,22.71,54.27
5986.47,22.70,54.29
5987.51,22.73,54.26
5988.55,22.73,54.26
5989.60,22.70,54.27
5990.64,22.70,54.27
5991.69,22.70,54.25
5992.73,22.70,54.27
5993.77,22.70,54.25
5994.82,22.71,54.26
5995.86,22.73,54.26
5996.90,22.73,54.27
5997.95,22.71,54.26
5998.99,22.70,54.24
6000.03,22.71,54.25
6001.08,22.71,54.22
6002.12,22.69,54.22
6003.17,22.73,54.21
6004.21,22.71,54.23
6005.25,22.70,54.28
6006.30,22.74,54.25
6007.34,22.70,54.22
6008.38,22.73,54.21
6009.43,22.73,54.24
6010.47,22.73,54.22
6011.52,22.71,54.23
6012.56,22.73,54.24
6013.60,22.73,54.22
6014.65,22.69,54.20
6015.69,22.71,54.19
6016.73,22.74,54.21
6017.78,22.70,54.20
6018.82,22.74,54.20
6019.86,22.71,54.18
6020.91,22.71,54.24
6021.95,22.74,54.20
6023.00,22.73,54.20
6024.04,22.73,54.23
6025.08,22.71,54.18
6026.13,22.73,54.18
6027.17,22.73,54.17
6028.21,22.76,54.19
6029.26,22.73,54.17
6030.30,22.71,54.17
6031.35,22.71,54.17
6032.39,22.71,54.18
6033.43,22.74,54.17
6034.48,22.71,54.20
6035.52,22.73,54.21
6036.56,22.73,54.16
6037.61,22.73,54.18
6038.65,22.73,54.14
6039.69,22.74,54.18
6040.74,22.73,54.15
6041.78,22.74,54.17
6042.83,22.73,54.13
6043.87,22.73,54.13
6044.91,22.70,54.14
6045.96,22.73,54.12
6047.00,22.73,54.12
6048.04,22.71,54.13
6049.09,22.74,54.17
6050.13,22.73,54.12
6051.17,22.74,54.12
6052.22,22.74,54.13
6053.26,22.73,54.15
6054.31,22.71,54.10
6055.35,22.74,54.13
6056.39,22.74,54.13
6057.44,22.74,54.12
6058.48,22.73,54.12
6059.52,22.74,54.10
6060.57,22.74,54.07
6061.61,22.76,54.12
6062.66,22.76,54.11
6063.70,22.76,54.11
6064.74,22.76,54.11
6065.79,22.77,54.10
6066.83,22.79,54.11
6067.87,22.76,54.11
6068.92,22.77,54.09
6069.96,22.77,54.09
6071.00,22.76,54.09
6072.05,22.80,54.09
6073.09,22.73,54.10
6074.14,22.80,54.11
6075.18,22.80,54.10
6076.22,22.77,54.09
6077.27,22.79,54.07
6078.31,22.79,54.10
6079.35,22.79,54.11
6080.40,22.79,54.09
6081.44,22.80,54.10
6082.49,22.77,54.10
6083.53,22.80,54.09
6084.57,22.81,54.06
6085.62,22.80,54.09
6086.66,22.77,54.06
6087.70,22.80,54.08
6088.75,22.79,54.04
6089.79,22.79,54.04
6090.83,22.79,54.05
6091.88,22.81,54.05
6092.92,22.81,54.08
6093.97,22.81,54.07
6095.01,22.83,54.05
6096.05,22.81,54.08
6097.10,22.79,54.07
6098.14,22.83,54.04
6099.18,22.83,54.11
6100.23,22.83,54.06
6101.27,22.81,54.07
6102.31,22.86,54.03
6103.36,22.84,54.05
6104.40,22.83,54.04
6105.45,22.81,54.06
6106.49,22.83,54.07
6107.53,22.83,54.07
6108.58,22.83,54.06
6109.62,22.83,54.05
6110.66,22.80,54.08
6111.71,22.83,54.05
6112.75,22.84,54.04
6113.80,22.83,54.04
